Cites,Authors,Title,Year,Source,Publisher,ArticleURL,CitesURL,GSRank,QueryDate,Type,DOI,ISSN,CitationURL,Volume,Issue,StartPage,EndPage,ECC,CitesPerYear,CitesPerAuthor,AuthorCount,Age,Abstract,FullTextURL,RelatedURL
272,"O. Lange","Taxonomic composition and photosynthetic characteristics of the ""biological soil crusts' covering sand dunes in the western Negev Desert",1992,"Functional Ecology","","","https://www.scopus.com/inward/citedby.uri?partnerID=HzOxMe3b&scp=0027041259&origin=inward",1,"2024-07-17 10:13:54","Article","10.2307/2390048","0269-8463","https://api.elsevier.com/content/abstract/scopus_id/0027041259",6,5,519,527,272,8.50,272,1,32,"","",""
265,"S. Chamizo","Biological soil crust development affects physicochemical characteristics of soil surface in semiarid ecosystems",2012,"Soil Biology and Biochemistry","","https://api.elsevier.com/content/article/eid/1-s2.0-S0038071712000715","https://www.scopus.com/inward/citedby.uri?partnerID=HzOxMe3b&scp=84858744031&origin=inward",2,"2024-07-17 10:13:54","Article","10.1016/j.soilbio.2012.02.017","0038-0717","https://api.elsevier.com/content/abstract/scopus_id/84858744031",49,,96,105,265,22.08,265,1,12,"","",""
171,"E. Grote","Carbon exchange in biological soil crust communities under differential temperatures and soil water contents: Implications for global change",2010,"Global Change Biology","","","https://www.scopus.com/inward/citedby.uri?partnerID=HzOxMe3b&scp=77956259933&origin=inward",3,"2024-07-17 10:13:54","Article","10.1111/j.1365-2486.2010.02201.x","1354-1013","https://api.elsevier.com/content/abstract/scopus_id/77956259933",16,10,2763,2774,171,12.21,171,1,14,"","",""
149,"B. Weber","Biological soil crusts accelerate the nitrogen cycle through large NO and HONO emissions in drylands",2015,"Proceedings of the National Academy of Sciences of the United States of America","","","https://www.scopus.com/inward/citedby.uri?partnerID=HzOxMe3b&scp=84950159893&origin=inward",4,"2024-07-17 10:13:54","Article","10.1073/pnas.1515818112","0027-8424","https://api.elsevier.com/content/abstract/scopus_id/84950159893",112,50,15384,15389,149,16.56,149,1,9,"","",""
140,"A. Adessi","Microbial extracellular polymeric substances improve water retention in dryland biological soil crusts",2018,"Soil Biology and Biochemistry","","https://api.elsevier.com/content/article/eid/1-s2.0-S003807171730593X","https://www.scopus.com/inward/citedby.uri?partnerID=HzOxMe3b&scp=85031730985&origin=inward",5,"2024-07-17 10:13:54","Article","10.1016/j.soilbio.2017.10.002","0038-0717","https://api.elsevier.com/content/abstract/scopus_id/85031730985",116,,67,69,140,23.33,140,1,6,"","",""
122,"X.R. Li","Carbon fixation by biological soil crusts following revegetation of sand dunes in arid desert regions of China: A four-year field study",2012,"Catena","","https://api.elsevier.com/content/article/eid/1-s2.0-S0341816212001154","https://www.scopus.com/inward/citedby.uri?partnerID=HzOxMe3b&scp=84862698415&origin=inward",6,"2024-07-17 10:13:54","Article","10.1016/j.catena.2012.05.009","0341-8162","https://api.elsevier.com/content/abstract/scopus_id/84862698415",97,,119,126,122,10.17,122,1,12,"","",""
114,"Y. Guo","Biological soil crust development and its topsoil properties in the process of dune stabilization, Inner Mongolia, China",2008,"Environmental Geology","","","https://www.scopus.com/inward/citedby.uri?partnerID=HzOxMe3b&scp=40049100539&origin=inward",7,"2024-07-17 10:13:54","Conference Paper","10.1007/s00254-007-1130-y","0943-0105","https://api.elsevier.com/content/abstract/scopus_id/40049100539",54,3,653,662,114,7.13,114,1,16,"","",""
111,"H. Lei","Vegetation and soil restoration in refuse dumps from open pit coal mines",2016,"Ecological Engineering","","https://api.elsevier.com/content/article/eid/1-s2.0-S0925857416304335","https://www.scopus.com/inward/citedby.uri?partnerID=HzOxMe3b&scp=84979306705&origin=inward",8,"2024-07-17 10:13:54","Article","10.1016/j.ecoleng.2016.06.108","0925-8574","https://api.elsevier.com/content/abstract/scopus_id/84979306705",94,,638,646,111,13.88,111,1,8,"","",""
88,"S. Chamizo","The role of biological soil crusts in soil moisture dynamics in two semiarid ecosystems with contrasting soil textures",2013,"Journal of Hydrology","","https://api.elsevier.com/content/article/eid/1-s2.0-S0022169413001820","https://www.scopus.com/inward/citedby.uri?partnerID=HzOxMe3b&scp=84876732849&origin=inward",9,"2024-07-17 10:13:54","Article","10.1016/j.jhydrol.2013.02.051","0022-1694","https://api.elsevier.com/content/abstract/scopus_id/84876732849",489,,74,84,88,8.00,88,1,11,"","",""
83,"M. Serpe","Germination and seed water status of four grasses on moss-dominated biological soil crusts from arid lands",2006,"Plant Ecology","","","https://www.scopus.com/inward/citedby.uri?partnerID=HzOxMe3b&scp=33745511919&origin=inward",10,"2024-07-17 10:13:54","Article","10.1007/s11258-005-9092-1","1385-0237","https://api.elsevier.com/content/abstract/scopus_id/33745511919",185,1,163,178,83,4.61,83,1,18,"","",""
79,"P. Benard","Microhydrological niches in soils: How mucilage and EPS alter the biophysical properties of the rhizosphere and other biological hotspots",2019,"Vadose Zone Journal","","","https://www.scopus.com/inward/citedby.uri?partnerID=HzOxMe3b&scp=85068940423&origin=inward",11,"2024-07-17 10:13:54","Article","10.2136/vzj2018.12.0211","1539-1663","https://api.elsevier.com/content/abstract/scopus_id/85068940423",18,1,,,79,15.80,79,1,5,"","",""
79,"B. Xiao","Moss-dominated biological soil crusts significantly influence soil moisture and temperature regimes in semiarid ecosystems",2016,"Geoderma","","https://api.elsevier.com/content/article/eid/1-s2.0-S0016706115300859","https://www.scopus.com/inward/citedby.uri?partnerID=HzOxMe3b&scp=84942475435&origin=inward",12,"2024-07-17 10:13:54","Article","10.1016/j.geoderma.2015.09.012","0016-7061","https://api.elsevier.com/content/abstract/scopus_id/84942475435",263,,35,46,79,9.88,79,1,8,"","",""
79,"Y.G. Su","Carbon flux in deserts depends on soil cover type: A case study in the Gurbantunggute desert, North China",2013,"Soil Biology and Biochemistry","","https://api.elsevier.com/content/article/eid/1-s2.0-S0038071712004749","https://www.scopus.com/inward/citedby.uri?partnerID=HzOxMe3b&scp=84872760965&origin=inward",13,"2024-07-17 10:13:54","Article","10.1016/j.soilbio.2012.12.006","0038-0717","https://api.elsevier.com/content/abstract/scopus_id/84872760965",58,,332,340,79,7.18,79,1,11,"","",""
70,"A. Rey","Changes in soil moisture predict soil carbon losses upon rewetting in a perennial semiarid steppe in SE Spain",2017,"Geoderma","","https://api.elsevier.com/content/article/eid/1-s2.0-S0016706116302750","https://www.scopus.com/inward/citedby.uri?partnerID=HzOxMe3b&scp=84977121527&origin=inward",14,"2024-07-17 10:13:54","Article","10.1016/j.geoderma.2016.06.025","0016-7061","https://api.elsevier.com/content/abstract/scopus_id/84977121527",287,,135,146,70,10.00,70,1,7,"","",""
68,"S. Lan","Analysis of environmental factors determining development and succession in biological soil crusts",2015,"Science of the Total Environment","","https://api.elsevier.com/content/article/eid/1-s2.0-S0048969715305696","https://www.scopus.com/inward/citedby.uri?partnerID=HzOxMe3b&scp=84956797894&origin=inward",15,"2024-07-17 10:13:54","Article","10.1016/j.scitotenv.2015.08.066","0048-9697","https://api.elsevier.com/content/abstract/scopus_id/84956797894",538,,492,499,68,7.56,68,1,9,"","",""
68,"B. Wilske","The CO<inf>2</inf> exchange of biological soil crusts in a semiarid grass-shrubland at the northern transition zone of the Negev desert, Israel",2008,"Biogeosciences","","","https://www.scopus.com/inward/citedby.uri?partnerID=HzOxMe3b&scp=54949103190&origin=inward",16,"2024-07-17 10:13:54","Article","10.5194/bg-5-1411-2008","1726-4170","https://api.elsevier.com/content/abstract/scopus_id/54949103190",5,5,1411,1423,68,4.25,68,1,16,"","",""
67,"K. Breen","The influence of biological soil crusts on soil characteristics along a High Arctic glacier foreland, Nunavut, Canada",2008,"Arctic, Antarctic, and Alpine Research","","","https://www.scopus.com/inward/citedby.uri?partnerID=HzOxMe3b&scp=46049120807&origin=inward",17,"2024-07-17 10:13:54","Article","10.1657/1523-0430(06-098)[BREEN]2.0.CO;2","1523-0430","https://api.elsevier.com/content/abstract/scopus_id/46049120807",40,2,287,297,67,4.19,67,1,16,"","",""
64,"B. Xiao","Development of artificial moss-dominated biological soil crusts and their effects on runoff and soil water content in a semi-arid environment",2015,"Journal of Arid Environments","","https://api.elsevier.com/content/article/eid/1-s2.0-S0140196315000531","https://www.scopus.com/inward/citedby.uri?partnerID=HzOxMe3b&scp=84923300769&origin=inward",18,"2024-07-17 10:13:54","Article","10.1016/j.jaridenv.2015.02.017","0140-1963","https://api.elsevier.com/content/abstract/scopus_id/84923300769",117,,75,83,64,7.11,64,1,9,"","",""
58,"I. Lebron","Ecohydrological controls on soil moisture and hydraulic conductivity within a pinyon-juniper woodland",2007,"Water Resources Research","","","https://www.scopus.com/inward/citedby.uri?partnerID=HzOxMe3b&scp=34848908001&origin=inward",19,"2024-07-17 10:13:54","Article","10.1029/2006WR005398","0043-1397","https://api.elsevier.com/content/abstract/scopus_id/34848908001",43,8,,,58,3.41,58,1,17,"","",""
57,"J. Kakeh","Effects of biological soil crusts on some physicochemical characteristics of rangeland soils of Alagol, Turkmen Sahra, NE Iran",2018,"Soil and Tillage Research","","https://api.elsevier.com/content/article/eid/1-s2.0-S0167198718303349","https://www.scopus.com/inward/citedby.uri?partnerID=HzOxMe3b&scp=85046359646&origin=inward",20,"2024-07-17 10:13:54","Article","10.1016/j.still.2018.04.007","0167-1987","https://api.elsevier.com/content/abstract/scopus_id/85046359646",181,,152,159,57,9.50,57,1,6,"","",""
56,"R. Hu","The response mechanisms of soil N mineralization under biological soil crusts to temperature and moisture in temperate desert regions",2014,"European Journal of Soil Biology","","https://api.elsevier.com/content/article/eid/1-s2.0-S1164556314000144","https://www.scopus.com/inward/citedby.uri?partnerID=HzOxMe3b&scp=84897380133&origin=inward",21,"2024-07-17 10:13:54","Article","10.1016/j.ejsobi.2014.02.008","1164-5563","https://api.elsevier.com/content/abstract/scopus_id/84897380133",62,,66,73,56,5.60,56,1,10,"","",""
55,"Y. Gao","Seasonal variation of carbon exchange from a revegetation area in a Chinese desert",2012,"Agricultural and Forest Meteorology","","https://api.elsevier.com/content/article/eid/1-s2.0-S0168192312000378","https://www.scopus.com/inward/citedby.uri?partnerID=HzOxMe3b&scp=84862823275&origin=inward",22,"2024-07-17 10:13:54","Article","10.1016/j.agrformet.2012.01.007","0168-1923","https://api.elsevier.com/content/abstract/scopus_id/84862823275",156,,134,142,55,4.58,55,1,12,"","",""
54,"Z.Y. Jiang","Contrasting surface soil hydrology regulated by biological and physical soil crusts for patchy grass in the high-altitude alpine steppe ecosystem",2018,"Geoderma","","https://api.elsevier.com/content/article/eid/1-s2.0-S0016706117313526","https://www.scopus.com/inward/citedby.uri?partnerID=HzOxMe3b&scp=85046148454&origin=inward",23,"2024-07-17 10:13:54","Article","10.1016/j.geoderma.2018.04.009","0016-7061","https://api.elsevier.com/content/abstract/scopus_id/85046148454",326,,201,209,54,9.00,54,1,6,"","",""
54,"H. Wang","Temporal variations in infiltration properties of biological crusts covered soils on the Loess Plateau of China",2017,"Catena","","https://api.elsevier.com/content/article/eid/1-s2.0-S0341816217302655","https://www.scopus.com/inward/citedby.uri?partnerID=HzOxMe3b&scp=85027551614&origin=inward",24,"2024-07-17 10:13:54","Article","10.1016/j.catena.2017.08.009","0341-8162","https://api.elsevier.com/content/abstract/scopus_id/85027551614",159,,115,125,54,7.71,54,1,7,"","",""
54,"C. Colesie","Habitat stress initiates changes in composition, CO<inf>2</inf> gas exchange and C-allocation as life traits in biological soil crusts",2014,"ISME Journal","","","https://www.scopus.com/inward/citedby.uri?partnerID=HzOxMe3b&scp=84921666595&origin=inward",25,"2024-07-17 10:13:54","Article","10.1038/ismej.2014.47","1751-7362","https://api.elsevier.com/content/abstract/scopus_id/84921666595",8,10,2104,2115,54,5.40,54,1,10,"","",""
54,"J. Burgheimer","Relationships between Normalized Difference Vegetation Index (NDVI) and carbon fluxes of biologic soil crusts assessed by ground measurements",2006,"Journal of Arid Environments","","https://api.elsevier.com/content/article/eid/1-s2.0-S0140196305001655","https://www.scopus.com/inward/citedby.uri?partnerID=HzOxMe3b&scp=28844456509&origin=inward",26,"2024-07-17 10:13:54","Article","10.1016/j.jaridenv.2005.06.025","0140-1963","https://api.elsevier.com/content/abstract/scopus_id/28844456509",64,4,651,669,54,3.00,54,1,18,"","",""
51,"G. Kidron","Biocrusts serve as biomarkers for the upper 30cm soil water content",2014,"Journal of Hydrology","","https://api.elsevier.com/content/article/eid/1-s2.0-S0022169413008652","https://www.scopus.com/inward/citedby.uri?partnerID=HzOxMe3b&scp=84890816854&origin=inward",27,"2024-07-17 10:13:54","Article","10.1016/j.jhydrol.2013.11.041","0022-1694","https://api.elsevier.com/content/abstract/scopus_id/84890816854",509,,398,405,51,5.10,51,1,10,"","",""
51,"A. Pintado","Functional ecology of the biological soil crust in semiarid SE Spain: Sun and shade populations of Diploschistes diacapsis (Ach.) Lumbsch",2005,"Lichenologist","","","https://www.scopus.com/inward/citedby.uri?partnerID=HzOxMe3b&scp=33644656771&origin=inward",28,"2024-07-17 10:13:54","Conference Paper","10.1017/S0024282905015021","0024-2829","https://api.elsevier.com/content/abstract/scopus_id/33644656771",37,5,425,432,51,2.68,51,1,19,"","",""
49,"C. Bu","Identification of factors influencing the restoration of cyanobacteria-dominated biological soil crusts",2014,"PLoS ONE","","","https://www.scopus.com/inward/citedby.uri?partnerID=HzOxMe3b&scp=84898741536&origin=inward",29,"2024-07-17 10:13:54","Article","10.1371/journal.pone.0090049","1932-6203","https://api.elsevier.com/content/abstract/scopus_id/84898741536",9,3,,,49,4.90,49,1,10,"","",""
49,"B. Steven","High Bacterial Diversity of Biological Soil Crusts in Water Tracks over Permafrost in the High Arctic Polar Desert",2013,"PLoS ONE","","","https://www.scopus.com/inward/citedby.uri?partnerID=HzOxMe3b&scp=84881535226&origin=inward",30,"2024-07-17 10:13:54","Article","10.1371/journal.pone.0071489","1932-6203","https://api.elsevier.com/content/abstract/scopus_id/84881535226",8,8,,,49,4.45,49,1,11,"","",""
48,"Z.S. Zhang","Effect of sand-stabilizing shrubs on soil respiration in a temperate desert",2013,"Plant and Soil","","","https://www.scopus.com/inward/citedby.uri?partnerID=HzOxMe3b&scp=84878569620&origin=inward",31,"2024-07-17 10:13:54","Article","10.1007/s11104-012-1465-3","0032-079X","https://api.elsevier.com/content/abstract/scopus_id/84878569620",367,1,449,463,48,4.36,48,1,11,"","",""
47,"Y. Tao","Effects of leaf hair points of a desert moss on water retention and dew formation: Implications for desiccation tolerance",2012,"Journal of Plant Research","","","https://www.scopus.com/inward/citedby.uri?partnerID=HzOxMe3b&scp=84860217934&origin=inward",32,"2024-07-17 10:13:54","Article","10.1007/s10265-011-0449-3","0918-9440","https://api.elsevier.com/content/abstract/scopus_id/84860217934",125,3,351,360,47,3.92,47,1,12,"","",""
47,"J. Csotonyi","A new environment for aerobic anoxygenic phototrophic bacteria: Biological soil crusts",2010,"Environmental Microbiology Reports","","","https://www.scopus.com/inward/citedby.uri?partnerID=HzOxMe3b&scp=78649704872&origin=inward",33,"2024-07-17 10:13:54","Article","10.1111/j.1758-2229.2010.00151.x","1758-2229","https://api.elsevier.com/content/abstract/scopus_id/78649704872",2,5,651,656,47,3.36,47,1,14,"","",""
46,"W. Ghiloufi","Effects of Biological Soil Crusts on Enzyme Activities and Microbial Community in Soils of an Arid Ecosystem",2019,"Microbial Ecology","","","https://www.scopus.com/inward/citedby.uri?partnerID=HzOxMe3b&scp=85048799591&origin=inward",34,"2024-07-17 10:13:54","Article","10.1007/s00248-018-1219-8","0095-3628","https://api.elsevier.com/content/abstract/scopus_id/85048799591",77,1,201,216,46,9.20,46,1,5,"","",""
46,"H. Meusel","Emission of nitrous acid from soil and biological soil crusts represents an important source of HONO in the remote atmosphere in Cyprus",2018,"Atmospheric Chemistry and Physics","","","https://www.scopus.com/inward/citedby.uri?partnerID=HzOxMe3b&scp=85041171406&origin=inward",35,"2024-07-17 10:13:54","Article","10.5194/acp-18-799-2018","1680-7316","https://api.elsevier.com/content/abstract/scopus_id/85041171406",18,2,799,813,46,7.67,46,1,6,"","",""
46,"E. Rodríguez-Caballero","Swelling of biocrusts upon wetting induces changes in surface micro-topography",2015,"Soil Biology and Biochemistry","","https://api.elsevier.com/content/article/eid/1-s2.0-S0038071714004246","https://www.scopus.com/inward/citedby.uri?partnerID=HzOxMe3b&scp=84921418235&origin=inward",36,"2024-07-17 10:13:54","Article","10.1016/j.soilbio.2014.12.010","0038-0717","https://api.elsevier.com/content/abstract/scopus_id/84921418235",82,,107,111,46,5.11,46,1,9,"","",""
44,"F. Sun","Towards moss biocrust effects on surface soil water holding capacity: Soil water retention curve analysis and modeling",2021,"Geoderma","","https://api.elsevier.com/content/article/eid/1-s2.0-S0016706121002007","https://www.scopus.com/inward/citedby.uri?partnerID=HzOxMe3b&scp=85104053628&origin=inward",37,"2024-07-17 10:13:54","Article","10.1016/j.geoderma.2021.115120","0016-7061","https://api.elsevier.com/content/abstract/scopus_id/85104053628",399,,,,44,14.67,44,1,3,"","",""
44,"B. Xiao","Natural recovery of moss-dominated biological soil crusts after surface soil removal and their long-term effects on soil water conditions in a semi-arid environment",2014,"Catena","","https://api.elsevier.com/content/article/eid/1-s2.0-S0341816214000964","https://www.scopus.com/inward/citedby.uri?partnerID=HzOxMe3b&scp=84899082064&origin=inward",38,"2024-07-17 10:13:54","Article","10.1016/j.catena.2014.03.018","0341-8162","https://api.elsevier.com/content/abstract/scopus_id/84899082064",120,,1,11,44,4.40,44,1,10,"","",""
43,"M. Delgado-Baquerizo","Biological soil crusts increase the resistance of soil nitrogen dynamics to changes in temperatures in a semi-arid ecosystem",2013,"Plant and Soil","","","https://www.scopus.com/inward/citedby.uri?partnerID=HzOxMe3b&scp=84876443960&origin=inward",39,"2024-07-17 10:13:54","Article","10.1007/s11104-012-1404-3","0032-079X","https://api.elsevier.com/content/abstract/scopus_id/84876443960",366,1,35,47,43,3.91,43,1,11,"","",""
42,"M. Kim","Microscale pH variations during drying of soils and desert biocrusts affect HONO and NH<inf>3</inf> emissions",2019,"Nature Communications","","","https://www.scopus.com/inward/citedby.uri?partnerID=HzOxMe3b&scp=85071779314&origin=inward",40,"2024-07-17 10:13:54","Article","10.1038/s41467-019-11956-6","2041-1723","https://api.elsevier.com/content/abstract/scopus_id/85071779314",10,1,,,42,8.40,42,1,5,"","",""
42,"Z.S. Zhang","Soil respiration sensitivities to water and temperature in a revegetated desert",2015,"Journal of Geophysical Research: Biogeosciences","","","https://www.scopus.com/inward/citedby.uri?partnerID=HzOxMe3b&scp=85027923412&origin=inward",41,"2024-07-17 10:13:54","Article","10.1002/2014JG002805","2169-8953","https://api.elsevier.com/content/abstract/scopus_id/85027923412",120,4,773,787,42,4.67,42,1,9,"","",""
40,"F. Canini","Vegetation, pH and Water Content as Main Factors for Shaping Fungal Richness, Community Composition and Functional Guilds Distribution in Soils of Western Greenland",2019,"Frontiers in Microbiology","","","https://www.scopus.com/inward/citedby.uri?partnerID=HzOxMe3b&scp=85074164244&origin=inward",42,"2024-07-17 10:13:54","Article","10.3389/fmicb.2019.02348","1664-302X","https://api.elsevier.com/content/abstract/scopus_id/85074164244",10,,,,40,8.00,40,1,5,"","",""
40,"B. Xiao","Moss biocrusts regulate surface soil thermal properties and generate buffering effects on soil temperature dynamics in dryland ecosystem",2019,"Geoderma","","https://api.elsevier.com/content/article/eid/1-s2.0-S0016706119303520","https://www.scopus.com/inward/citedby.uri?partnerID=HzOxMe3b&scp=85065818392&origin=inward",43,"2024-07-17 10:13:54","Article","10.1016/j.geoderma.2019.05.017","0016-7061","https://api.elsevier.com/content/abstract/scopus_id/85065818392",351,,9,24,40,8.00,40,1,5,"","",""
40,"T. Fischer","Dew formation on the surface of biological soil crusts in central European sand ecosystems",2012,"Biogeosciences","","","https://www.scopus.com/inward/citedby.uri?partnerID=HzOxMe3b&scp=84869994262&origin=inward",44,"2024-07-17 10:13:54","Article","10.5194/bg-9-4621-2012","1726-4170","https://api.elsevier.com/content/abstract/scopus_id/84869994262",9,11,4621,4628,40,3.33,40,1,12,"","",""
39,"B. Li","Effects of biological soil crusts on water infiltration and evaporation Yanchi Ningxia, Maowusu Desert, China",2016,"International Journal of Sediment Research","","https://api.elsevier.com/content/article/eid/1-s2.0-S1001627916300361","https://www.scopus.com/inward/citedby.uri?partnerID=HzOxMe3b&scp=85002981622&origin=inward",45,"2024-07-17 10:13:54","Article","10.1016/j.ijsrc.2016.05.005","1001-6279","https://api.elsevier.com/content/abstract/scopus_id/85002981622",31,4,311,323,39,4.88,39,1,8,"","",""
38,"W. Feng","Impact of environmental factors and biological soil crust types on soil respiration in a desert ecosystem",2014,"PLoS ONE","","","https://www.scopus.com/inward/citedby.uri?partnerID=HzOxMe3b&scp=84904624062&origin=inward",46,"2024-07-17 10:13:54","Article","10.1371/journal.pone.0102954","1932-6203","https://api.elsevier.com/content/abstract/scopus_id/84904624062",9,7,,,38,3.80,38,1,10,"","",""
37,"A. Coppola","Hydrological behaviour of microbiotic crusts on sand dunes: Example from NW China comparing infiltration in crusted and crust-removed soil",2011,"Soil and Tillage Research","","https://api.elsevier.com/content/article/eid/1-s2.0-S0167198711001371","https://www.scopus.com/inward/citedby.uri?partnerID=HzOxMe3b&scp=81855164718&origin=inward",47,"2024-07-17 10:13:54","Article","10.1016/j.still.2011.08.003","0167-1987","https://api.elsevier.com/content/abstract/scopus_id/81855164718",117,,34,43,37,2.85,37,1,13,"","",""
37,"S. Gao","Effects of biological soil crusts on profile distribution of soil water, organic carbon and total nitrogen in Mu Us Sandland, China",2010,"Journal of Plant Ecology","","","https://www.scopus.com/inward/citedby.uri?partnerID=HzOxMe3b&scp=78149376845&origin=inward",48,"2024-07-17 10:13:54","Article","10.1093/jpe/rtq015","1752-9921","https://api.elsevier.com/content/abstract/scopus_id/78149376845",3,4,279,284,37,2.64,37,1,14,"","",""
36,"C. Tucker","The concurrent use of novel soil surface microclimate measurements to evaluate CO<inf>2</inf> pulses in biocrusted interspaces in a cool desert ecosystem",2017,"Biogeochemistry","","","https://www.scopus.com/inward/citedby.uri?partnerID=HzOxMe3b&scp=85028990037&origin=inward",49,"2024-07-17 10:13:54","Article","10.1007/s10533-017-0372-3","0168-2563","https://api.elsevier.com/content/abstract/scopus_id/85028990037",135,3,239,249,36,5.14,36,1,7,"","",""
35,"A. Sepehr","The protective role of cyanobacteria on soil stability in two Aridisols in northeastern Iran",2019,"Geoderma Regional","","https://api.elsevier.com/content/article/eid/1-s2.0-S2352009418301251","https://www.scopus.com/inward/citedby.uri?partnerID=HzOxMe3b&scp=85058686593&origin=inward",50,"2024-07-17 10:13:54","Article","10.1016/j.geodrs.2018.e00201","2352-0094","https://api.elsevier.com/content/abstract/scopus_id/85058686593",16,,,,35,7.00,35,1,5,"","",""
33,"J. Kakeh","Biological soil crusts determine soil properties and salt dynamics under arid climatic condition in Qara Qir, Iran",2020,"Science of the Total Environment","","https://api.elsevier.com/content/article/eid/1-s2.0-S0048969720326851","https://www.scopus.com/inward/citedby.uri?partnerID=HzOxMe3b&scp=85084752714&origin=inward",51,"2024-07-17 10:13:54","Article","10.1016/j.scitotenv.2020.139168","0048-9697","https://api.elsevier.com/content/abstract/scopus_id/85084752714",732,,,,33,8.25,33,1,4,"","",""
33,"H. Raanan","Simulated soil crust conditions in a chamber system provide new insights on cyanobacterial acclimation to desiccation",2016,"Environmental Microbiology","","","https://www.scopus.com/inward/citedby.uri?partnerID=HzOxMe3b&scp=84959544491&origin=inward",52,"2024-07-17 10:13:54","Article","10.1111/1462-2920.12998","1462-2912","https://api.elsevier.com/content/abstract/scopus_id/84959544491",18,2,414,426,33,4.13,33,1,8,"","",""
32,"J. Wang","Comparison of cyanobacterial communities in temperate deserts: A cue for artificial inoculation of biological soil crusts",2020,"Science of the Total Environment","","https://api.elsevier.com/content/article/eid/1-s2.0-S0048969720344995","https://www.scopus.com/inward/citedby.uri?partnerID=HzOxMe3b&scp=85088535660&origin=inward",53,"2024-07-17 10:13:54","Article","10.1016/j.scitotenv.2020.140970","0048-9697","https://api.elsevier.com/content/abstract/scopus_id/85088535660",745,,,,32,8.00,32,1,4,"","",""
32,"N. Chen","Ecohydrological effects of biological soil crust on the vegetation dynamics of restoration in a dryland ecosystem",2018,"Journal of Hydrology","","https://api.elsevier.com/content/article/eid/1-s2.0-S0022169418304980","https://www.scopus.com/inward/citedby.uri?partnerID=HzOxMe3b&scp=85049444120&origin=inward",54,"2024-07-17 10:13:54","Article","10.1016/j.jhydrol.2018.06.076","0022-1694","https://api.elsevier.com/content/abstract/scopus_id/85049444120",563,,1068,1077,32,5.33,32,1,6,"","",""
32,"L. Morillas","Contribution of biological crust to soil CO<inf>2</inf> efflux in a Mediterranean shrubland ecosystem",2017,"Geoderma","","https://api.elsevier.com/content/article/eid/1-s2.0-S0016706116307674","https://www.scopus.com/inward/citedby.uri?partnerID=HzOxMe3b&scp=84997523697&origin=inward",55,"2024-07-17 10:13:54","Article","10.1016/j.geoderma.2016.11.012","0016-7061","https://api.elsevier.com/content/abstract/scopus_id/84997523697",289,,11,19,32,4.57,32,1,7,"","",""
32,"W.W. Zhuang","The effect of lichen-dominated biological soil crusts on growth and physiological characteristics of three plant species in a temperate desert of northwest China",2015,"Plant Biology","","","https://www.scopus.com/inward/citedby.uri?partnerID=HzOxMe3b&scp=84945183722&origin=inward",56,"2024-07-17 10:13:54","Article","10.1111/plb.12359","1435-8603","https://api.elsevier.com/content/abstract/scopus_id/84945183722",17,6,1165,1175,32,3.56,32,1,9,"","",""
30,"S. Lan","Non-rainfall water sources in the topsoil and their changes during formation of man-made algal crusts at the eastern edge of Qubqi Desert, Inner Mongolia",2010,"Science China Life Sciences","","","https://www.scopus.com/inward/citedby.uri?partnerID=HzOxMe3b&scp=78649619088&origin=inward",57,"2024-07-17 10:13:54","Article","10.1007/s11427-010-4049-6","1674-7305","https://api.elsevier.com/content/abstract/scopus_id/78649619088",53,9,1135,1141,30,2.14,30,1,14,"","",""
29,"C. Guan","Effects of warming and rainfall pulses on soil respiration in a biological soil crust-dominated desert ecosystem",2021,"Geoderma","","https://api.elsevier.com/content/article/eid/1-s2.0-S0016706120305474","https://www.scopus.com/inward/citedby.uri?partnerID=HzOxMe3b&scp=85089796404&origin=inward",58,"2024-07-17 10:13:54","Article","10.1016/j.geoderma.2020.114683","0016-7061","https://api.elsevier.com/content/abstract/scopus_id/85089796404",381,,,,29,9.67,29,1,3,"","",""
29,"N. Oren","Desert cyanobacteria prepare in advance for dehydration and rewetting: The role of light and temperature sensing",2019,"Molecular Ecology","","","https://www.scopus.com/inward/citedby.uri?partnerID=HzOxMe3b&scp=85065037946&origin=inward",59,"2024-07-17 10:13:54","Article","10.1111/mec.15074","0962-1083","https://api.elsevier.com/content/abstract/scopus_id/85065037946",28,9,2305,2320,29,5.80,29,1,5,"","",""
29,"O. Rozenstein","Diurnal emissivity dynamics in bare versus biocrusted sand dunes",2015,"Science of the Total Environment","","https://api.elsevier.com/content/article/eid/1-s2.0-S0048969714016179","https://www.scopus.com/inward/citedby.uri?partnerID=HzOxMe3b&scp=84911861553&origin=inward",60,"2024-07-17 10:13:54","Article","10.1016/j.scitotenv.2014.11.035","0048-9697","https://api.elsevier.com/content/abstract/scopus_id/84911861553",506,,422,429,29,3.22,29,1,9,"","",""
29,"B. Büdel","Lichen species dominance and the resulting photosynthetic behavior of sonoran desert soil crust types (Baja California, Mexico)",2013,"Ecological Processes","","","https://www.scopus.com/inward/citedby.uri?partnerID=HzOxMe3b&scp=84902381394&origin=inward",61,"2024-07-17 10:13:54","Article","10.1186/2192-1709-2-6","2192-1709","https://api.elsevier.com/content/abstract/scopus_id/84902381394",2,1,1,9,29,2.64,29,1,11,"","",""
29,"M. Serpe","Seed water status and root tip characteristics of two annual grasses on lichen-dominated biological soil crusts",2008,"Plant and Soil","","","https://www.scopus.com/inward/citedby.uri?partnerID=HzOxMe3b&scp=38749129736&origin=inward",62,"2024-07-17 10:13:54","Article","10.1007/s11104-007-9498-8","0032-079X","https://api.elsevier.com/content/abstract/scopus_id/38749129736",303,1,191,205,29,1.81,29,1,16,"","",""
28,"G. Kidron","The dual effect of sand-covered biocrusts on annual plants: Increasing cover but reducing individual plant biomass and fecundity",2019,"Catena","","https://api.elsevier.com/content/article/eid/1-s2.0-S0341816219302620","https://www.scopus.com/inward/citedby.uri?partnerID=HzOxMe3b&scp=85067803109&origin=inward",63,"2024-07-17 10:13:54","Article","10.1016/j.catena.2019.104120","0341-8162","https://api.elsevier.com/content/abstract/scopus_id/85067803109",182,,,,28,5.60,28,1,5,"","",""
28,"C. Guan","Effect of global warming on soil respiration and cumulative carbon release in biocrust-dominated areas in the Tengger Desert, northern China",2019,"Journal of Soils and Sediments","","","https://www.scopus.com/inward/citedby.uri?partnerID=HzOxMe3b&scp=85055556427&origin=inward",64,"2024-07-17 10:13:54","Article","10.1007/s11368-018-2171-4","1439-0108","https://api.elsevier.com/content/abstract/scopus_id/85055556427",19,3,1161,1170,28,5.60,28,1,5,"","",""
28,"B. Weber","Ecophysiological analysis of moss-dominated biological soil crusts and their separate components from the Succulent Karoo, South Africa",2012,"Planta","","","https://www.scopus.com/inward/citedby.uri?partnerID=HzOxMe3b&scp=84862896876&origin=inward",65,"2024-07-17 10:13:54","Article","10.1007/s00425-012-1595-0","0032-0935","https://api.elsevier.com/content/abstract/scopus_id/84862896876",236,1,129,139,28,2.33,28,1,12,"","",""
28,"W. Brostoff","Photosynthesis of cryptobiotic crusts in a seasonally inundated system of pans and dunes at Edwards Air Force Base, western Mojave Desert, California: Laboratory studies",2002,"Flora","","https://api.elsevier.com/content/article/eid/1-s2.0-S036725300470016X","https://www.scopus.com/inward/citedby.uri?partnerID=HzOxMe3b&scp=0036211935&origin=inward",66,"2024-07-17 10:13:54","Article","10.1078/0367-2530-00024","0367-2530","https://api.elsevier.com/content/abstract/scopus_id/0036211935",197,2,143,151,28,1.27,28,1,22,"","",""
27,"Y. Li","Biogeographical patterns and mechanisms of microbial community assembly that underlie successional biocrusts across northern China",2021,"npj Biofilms and Microbiomes","","","https://www.scopus.com/inward/citedby.uri?partnerID=HzOxMe3b&scp=85100575395&origin=inward",67,"2024-07-17 10:13:54","Article","10.1038/s41522-021-00188-6","2055-5008","https://api.elsevier.com/content/abstract/scopus_id/85100575395",7,1,,,27,9.00,27,1,3,"","",""
27,"C.L. Tucker","Low soil moisture during hot periods drives apparent negative temperature sensitivity of soil respiration in a dryland ecosystem: a multi-model comparison",2016,"Biogeochemistry","","","https://www.scopus.com/inward/citedby.uri?partnerID=HzOxMe3b&scp=84962022987&origin=inward",68,"2024-07-17 10:13:54","Article","10.1007/s10533-016-0200-1","0168-2563","https://api.elsevier.com/content/abstract/scopus_id/84962022987",128,1,155,169,27,3.38,27,1,8,"","",""
26,"S. Li","Cyanobacteria and moss biocrusts increase evaporation by regulating surface soil moisture and temperature on the northern Loess Plateau, China",2022,"Catena","","https://api.elsevier.com/content/article/eid/1-s2.0-S0341816222000546","https://www.scopus.com/inward/citedby.uri?partnerID=HzOxMe3b&scp=85123900554&origin=inward",69,"2024-07-17 10:13:54","Article","10.1016/j.catena.2022.106068","0341-8162","https://api.elsevier.com/content/abstract/scopus_id/85123900554",212,,,,26,13.00,26,1,2,"","",""
25,"W. Shi","The effect of biological soil crusts on soil moisture dynamics under different rainfall conditions in the Tengger Desert, China",2018,"Hydrological Processes","","","https://www.scopus.com/inward/citedby.uri?partnerID=HzOxMe3b&scp=85046802660&origin=inward",70,"2024-07-17 10:13:54","Article","10.1002/hyp.11493","0885-6087","https://api.elsevier.com/content/abstract/scopus_id/85046802660",32,10,1363,1374,25,4.17,25,1,6,"","",""
24,"G.J. Kidron","The ambivalent effect of biocrusts on evaporation: Can the contradictory conclusions be explained? A review",2022,"Geoderma","","https://api.elsevier.com/content/article/eid/1-s2.0-S0016706122001124","https://www.scopus.com/inward/citedby.uri?partnerID=HzOxMe3b&scp=85125727474&origin=inward",71,"2024-07-17 10:13:54","Article","10.1016/j.geoderma.2022.115805","0016-7061","https://api.elsevier.com/content/abstract/scopus_id/85125727474",416,,,,24,12.00,24,1,2,"","",""
24,"Y. Yang","Effects of differing coverage of moss-dominated soil crusts on hydrological processes and implications for disturbance in the Mu Us Sandland, China",2015,"Hydrological Processes","","","https://www.scopus.com/inward/citedby.uri?partnerID=HzOxMe3b&scp=84947869080&origin=inward",72,"2024-07-17 10:13:54","Article","10.1002/hyp.10428","0885-6087","https://api.elsevier.com/content/abstract/scopus_id/84947869080",29,14,3112,3123,24,2.67,24,1,9,"","",""
24,"G. Kidron","Dune crests serve as preferential habitats for perennial plants during frequent drought years",2015,"Journal of Hydrology","","https://api.elsevier.com/content/article/eid/1-s2.0-S0022169415000049","https://www.scopus.com/inward/citedby.uri?partnerID=HzOxMe3b&scp=84921369556&origin=inward",73,"2024-07-17 10:13:54","Article","10.1016/j.jhydrol.2014.12.059","0022-1694","https://api.elsevier.com/content/abstract/scopus_id/84921369556",522,,295,304,24,2.67,24,1,9,"","",""
23,"Y. Tao","Soil nutrient stoichiometry on linear sand dunes from a temperate desert in Central Asia",2020,"Catena","","https://api.elsevier.com/content/article/eid/1-s2.0-S0341816220303970","https://www.scopus.com/inward/citedby.uri?partnerID=HzOxMe3b&scp=85089340065&origin=inward",74,"2024-07-17 10:13:54","Article","10.1016/j.catena.2020.104847","0341-8162","https://api.elsevier.com/content/abstract/scopus_id/85089340065",195,,,,23,5.75,23,1,4,"","",""
23,"O. Uclés","Partitioning of non rainfall water input regulated by soil cover type",2016,"Catena","","https://api.elsevier.com/content/article/eid/1-s2.0-S0341816215000600","https://www.scopus.com/inward/citedby.uri?partnerID=HzOxMe3b&scp=84956901117&origin=inward",75,"2024-07-17 10:13:54","Article","10.1016/j.catena.2015.02.018","0341-8162","https://api.elsevier.com/content/abstract/scopus_id/84956901117",139,,265,270,23,2.88,23,1,8,"","",""
22,"R. Zhao","Effects of snowfall depth on soil physical–chemical properties and soil microbial biomass in moss–dominated crusts in the Gurbantunggut Desert, Northern China",2018,"Catena","","https://api.elsevier.com/content/article/eid/1-s2.0-S0341816218302169","https://www.scopus.com/inward/citedby.uri?partnerID=HzOxMe3b&scp=85047819243&origin=inward",76,"2024-07-17 10:13:54","Article","10.1016/j.catena.2018.05.042","0341-8162","https://api.elsevier.com/content/abstract/scopus_id/85047819243",169,,175,182,22,3.67,22,1,6,"","",""
22,"B. Weber","Development and calibration of a novel sensor to quantify the water content of surface soils and biological soil crusts",2016,"Methods in Ecology and Evolution","","","https://www.scopus.com/inward/citedby.uri?partnerID=HzOxMe3b&scp=84941287070&origin=inward",77,"2024-07-17 10:13:54","Article","10.1111/2041-210X.12459","2041-210X","https://api.elsevier.com/content/abstract/scopus_id/84941287070",7,1,14,22,22,2.75,22,1,8,"","",""
22,"S. Daryanto","Spatial patterns of infiltration vary with disturbance in a shrub-encroached woodland",2013,"Geomorphology","","https://api.elsevier.com/content/article/eid/1-s2.0-S0169555X13002183","https://www.scopus.com/inward/citedby.uri?partnerID=HzOxMe3b&scp=84877817074&origin=inward",78,"2024-07-17 10:13:54","Article","10.1016/j.geomorph.2013.04.012","0169-555X","https://api.elsevier.com/content/abstract/scopus_id/84877817074",194,,57,64,22,2.00,22,1,11,"","",""
22,"Z. Yu","Long-term effects of revegetation on soil hydrological processes in vegetation-stabilized desert ecosystems",2010,"Hydrological Processes","","","https://www.scopus.com/inward/citedby.uri?partnerID=HzOxMe3b&scp=76449096772&origin=inward",79,"2024-07-17 10:13:54","Article","10.1002/hyp.7472","0885-6087","https://api.elsevier.com/content/abstract/scopus_id/76449096772",24,1,87,95,22,1.57,22,1,14,"","",""
21,"G. Kidron","The contrasting effect of biocrusts on shallow-rooted perennial plants (hemicryptophytes): Increasing mortality (through evaporation) or survival (through runoff)",2018,"Ecohydrology","","","https://www.scopus.com/inward/citedby.uri?partnerID=HzOxMe3b&scp=85053685838&origin=inward",80,"2024-07-17 10:13:54","Conference Paper","10.1002/eco.1912","1936-0584","https://api.elsevier.com/content/abstract/scopus_id/85053685838",11,6,,,21,3.50,21,1,6,"","",""
21,"W. Feng","Influence of Environmental Factors on Carbon Dioxide Exchange in Biological Soil Crusts in Desert Areas",2014,"Arid Land Research and Management","","","https://www.scopus.com/inward/citedby.uri?partnerID=HzOxMe3b&scp=84893440093&origin=inward",81,"2024-07-17 10:13:54","Article","10.1080/15324982.2013.835006","1532-4982","https://api.elsevier.com/content/abstract/scopus_id/84893440093",28,2,186,196,21,2.10,21,1,10,"","",""
20,"B. Xiao","Effects of biological soil crust on soil physicochemical properties in water-wind erosion crisscross region, northern Shaanxi Province, China",2007,"Shengtai Xuebao/ Acta Ecologica Sinica","","","https://www.scopus.com/inward/citedby.uri?partnerID=HzOxMe3b&scp=49249088131&origin=inward",82,"2024-07-17 10:13:54","Article","","1000-0933","https://api.elsevier.com/content/abstract/scopus_id/49249088131",27,11,4662,4670,20,1.18,20,1,17,"","",""
20,"S. Li","Mechanical disturbance of microbiotic crusts affects ecohydrological processes in a region of revegetation-fixed sand dunes",2006,"Arid Land Research and Management","","","https://www.scopus.com/inward/citedby.uri?partnerID=HzOxMe3b&scp=28844459060&origin=inward",83,"2024-07-17 10:13:54","Article","10.1080/15324980500369467","1532-4982","https://api.elsevier.com/content/abstract/scopus_id/28844459060",20,1,61,77,20,1.11,20,1,18,"","",""
19,"G. Kidron","Linking surface and subsurface properties of biocrusted and non-biocrusted habitats of fine-grained fluvial sediments (playas) from the Negev Desert",2016,"Journal of Hydrology and Hydromechanics","","","https://www.scopus.com/inward/citedby.uri?partnerID=HzOxMe3b&scp=84970969688&origin=inward",84,"2024-07-17 10:13:54","Article","10.1515/johh-2016-0006","0042-790X","https://api.elsevier.com/content/abstract/scopus_id/84970969688",64,2,141,149,19,2.38,19,1,8,"","",""
19,"Y. Zhao","Response of biocrusts' photosynthesis to environmental factors: A possible explanation of the spatial distribution of biocrusts in the Hilly Loess Plateau region of China",2010,"Shengtai Xuebao/ Acta Ecologica Sinica","","","https://www.scopus.com/inward/citedby.uri?partnerID=HzOxMe3b&scp=79952676663&origin=inward",85,"2024-07-17 10:13:54","Article","","1000-0933","https://api.elsevier.com/content/abstract/scopus_id/79952676663",30,17,4668,4675,19,1.36,19,1,14,"","",""
18,"Z. Cui","Litter cover breaks soil water repellency of biocrusts, enhancing initial soil water infiltration and content in a semi-arid sandy land",2021,"Agricultural Water Management","","https://api.elsevier.com/content/article/eid/1-s2.0-S0378377421002742","https://www.scopus.com/inward/citedby.uri?partnerID=HzOxMe3b&scp=85107626609&origin=inward",86,"2024-07-17 10:13:54","Article","10.1016/j.agwat.2021.107009","0378-3774","https://api.elsevier.com/content/abstract/scopus_id/85107626609",255,,,,18,6.00,18,1,3,"","",""
18,"E.M. Papatheodorou","Crust cover and prior soil moisture status affect the response of soil microbial community and function to extreme rain events in an arid area",2020,"European Journal of Soil Biology","","https://api.elsevier.com/content/article/eid/1-s2.0-S1164556320303137","https://www.scopus.com/inward/citedby.uri?partnerID=HzOxMe3b&scp=85092460545&origin=inward",87,"2024-07-17 10:13:54","Article","10.1016/j.ejsobi.2020.103243","1164-5563","https://api.elsevier.com/content/abstract/scopus_id/85092460545",101,,,,18,4.50,18,1,4,"","",""
17,"N. Borchhardt","Soil microbial phosphorus turnover and identity of algae and fungi in biological soil crusts along a transect in a glacier foreland",2019,"European Journal of Soil Biology","","https://api.elsevier.com/content/article/eid/1-s2.0-S116455631830284X","https://www.scopus.com/inward/citedby.uri?partnerID=HzOxMe3b&scp=85059585737&origin=inward",88,"2024-07-17 10:13:54","Article","10.1016/j.ejsobi.2018.12.006","1164-5563","https://api.elsevier.com/content/abstract/scopus_id/85059585737",91,,9,17,17,3.40,17,1,5,"","",""
17,"X. LI","Soil Respiration of Biologically-Crusted Soils in Response to Simulated Precipitation Pulses in the Tengger Desert, Northern China",2018,"Pedosphere","","https://api.elsevier.com/content/article/eid/1-s2.0-S1002016017603072","https://www.scopus.com/inward/citedby.uri?partnerID=HzOxMe3b&scp=85044868174&origin=inward",89,"2024-07-17 10:13:54","Article","10.1016/s1002-0160(17)60307-2","1002-0160","https://api.elsevier.com/content/abstract/scopus_id/85044868174",28,1,103,113,17,2.83,17,1,6,"","",""
16,"F. Sun","Towards the influences of three types of biocrusts on soil water in drylands: Insights from horizontal infiltration and soil water retention",2022,"Geoderma","","https://api.elsevier.com/content/article/eid/1-s2.0-S0016706122004438","https://www.scopus.com/inward/citedby.uri?partnerID=HzOxMe3b&scp=85137615914&origin=inward",90,"2024-07-17 10:13:54","Article","10.1016/j.geoderma.2022.116136","0016-7061","https://api.elsevier.com/content/abstract/scopus_id/85137615914",428,,,,16,8.00,16,1,2,"","",""
16,"J. Kakeh","Biocrust islands enhance infiltration, and reduce runoff and sediment yield on a heavily salinized dryland soil",2021,"Geoderma","","https://api.elsevier.com/content/article/eid/1-s2.0-S0016706121004092","https://www.scopus.com/inward/citedby.uri?partnerID=HzOxMe3b&scp=85109450308&origin=inward",91,"2024-07-17 10:13:54","Article","10.1016/j.geoderma.2021.115329","0016-7061","https://api.elsevier.com/content/abstract/scopus_id/85109450308",404,,,,16,5.33,16,1,3,"","",""
16,"K. Zhao","The autotrophic community across developmental stages of biocrusts in the Gurbantunggut Desert",2021,"Geoderma","","https://api.elsevier.com/content/article/eid/1-s2.0-S001670612100001X","https://www.scopus.com/inward/citedby.uri?partnerID=HzOxMe3b&scp=85100391837&origin=inward",92,"2024-07-17 10:13:54","Article","10.1016/j.geoderma.2021.114927","0016-7061","https://api.elsevier.com/content/abstract/scopus_id/85100391837",388,,,,16,5.33,16,1,3,"","",""
16,"G.J. Kidron","Temperature rise severely affects pan and soil evaporation in the Negev Desert",2016,"Ecohydrology","","","https://www.scopus.com/inward/citedby.uri?partnerID=HzOxMe3b&scp=84949599592&origin=inward",93,"2024-07-17 10:13:54","Article","10.1002/eco.1701","1936-0584","https://api.elsevier.com/content/abstract/scopus_id/84949599592",9,6,1130,1138,16,2.00,16,1,8,"","",""
16,"Y. Yang","Interactive effects of moss-dominated crusts and Artemisia ordosica on wind erosion and soil moisture in Mu Us sandland, China",2014,"Scientific World Journal","","","https://www.scopus.com/inward/citedby.uri?partnerID=HzOxMe3b&scp=84903641461&origin=inward",94,"2024-07-17 10:13:54","Article","10.1155/2014/649816","2356-6140","https://api.elsevier.com/content/abstract/scopus_id/84903641461",2014,,,,16,1.60,16,1,10,"","",""
16,"M. Tighe","Ecological Succession, Hydrology and Carbon Acquisition of Biological Soil Crusts Measured at the Micro-Scale",2012,"PLoS ONE","","","https://www.scopus.com/inward/citedby.uri?partnerID=HzOxMe3b&scp=84868098912&origin=inward",95,"2024-07-17 10:13:54","Article","10.1371/journal.pone.0048565","1932-6203","https://api.elsevier.com/content/abstract/scopus_id/84868098912",7,10,,,16,1.33,16,1,12,"","",""
15,"R. Hui","Effect of snow cover on water content, carbon and nutrient availability, and microbial biomass in complexes of biological soil crusts and subcrust soil in the desert",2022,"Geoderma","","https://api.elsevier.com/content/article/eid/1-s2.0-S0016706121005851","https://www.scopus.com/inward/citedby.uri?partnerID=HzOxMe3b&scp=85116587830&origin=inward",96,"2024-07-17 10:13:54","Article","10.1016/j.geoderma.2021.115505","0016-7061","https://api.elsevier.com/content/abstract/scopus_id/85116587830",406,,,,15,7.50,15,1,2,"","",""
15,"J. Kakeh","Effect of biocrusts on profile distribution of soil water content and salinity at different stages of evaporation",2021,"Journal of Arid Environments","","https://api.elsevier.com/content/article/eid/1-s2.0-S014019632100080X","https://www.scopus.com/inward/citedby.uri?partnerID=HzOxMe3b&scp=85105547281&origin=inward",97,"2024-07-17 10:13:54","Article","10.1016/j.jaridenv.2021.104514","0140-1963","https://api.elsevier.com/content/abstract/scopus_id/85105547281",191,,,,15,5.00,15,1,3,"","",""
15,"K. Veres","The bright and shaded side of duneland life: the photosynthetic response of lichens to seasonal changes is species-specific",2020,"Mycological Progress","","","https://www.scopus.com/inward/citedby.uri?partnerID=HzOxMe3b&scp=85085212298&origin=inward",98,"2024-07-17 10:13:54","Article","10.1007/s11557-020-01584-6","1617-416X","https://api.elsevier.com/content/abstract/scopus_id/85085212298",19,6,629,641,15,3.75,15,1,4,"","",""
15,"D. Liu","Combined effects of moss crusts and pine needles on evaporation of carbonate-derived laterite from karst mountainous lands",2020,"Journal of Hydrology","","https://api.elsevier.com/content/article/eid/1-s2.0-S002216942030319X","https://www.scopus.com/inward/citedby.uri?partnerID=HzOxMe3b&scp=85082581305&origin=inward",99,"2024-07-17 10:13:54","Article","10.1016/j.jhydrol.2020.124859","0022-1694","https://api.elsevier.com/content/abstract/scopus_id/85082581305",586,,,,15,3.75,15,1,4,"","",""
15,"H. Yizhaq","Vegetation ring formation by water overland flow in water-limited environments: Field measurements and mathematical modelling",2019,"Ecohydrology","","","https://www.scopus.com/inward/citedby.uri?partnerID=HzOxMe3b&scp=85073640491&origin=inward",100,"2024-07-17 10:13:54","Article","10.1002/eco.2135","1936-0584","https://api.elsevier.com/content/abstract/scopus_id/85073640491",12,7,,,15,3.00,15,1,5,"","",""
15,"E. Couradeau","In Situ X-Ray Tomography Imaging of Soil Water and Cyanobacteria From Biological Soil Crusts Undergoing Desiccation",2018,"Frontiers in Environmental Science","","","https://www.scopus.com/inward/citedby.uri?partnerID=HzOxMe3b&scp=85063958989&origin=inward",101,"2024-07-17 10:13:54","Article","10.3389/fenvs.2018.00065","2296-665X","https://api.elsevier.com/content/abstract/scopus_id/85063958989",6,,,,15,2.50,15,1,6,"","",""
15,"P.P. Zhang","Impact of biological soil crusts on soil water repellence in the hilly Loess Plateau region, China",2014,"Chinese Journal of Applied Ecology","","","https://www.scopus.com/inward/citedby.uri?partnerID=HzOxMe3b&scp=84897127856&origin=inward",102,"2024-07-17 10:13:54","Article","","1001-9332","https://api.elsevier.com/content/abstract/scopus_id/84897127856",25,3,657,663,15,1.50,15,1,10,"","",""
14,"S. Li","Impacts of moss-dominated biocrusts on rainwater infiltration, vertical water flow, and surface soil evaporation in drylands",2022,"Journal of Hydrology","","https://api.elsevier.com/content/article/eid/1-s2.0-S0022169422007491","https://www.scopus.com/inward/citedby.uri?partnerID=HzOxMe3b&scp=85134312277&origin=inward",103,"2024-07-17 10:13:54","Article","10.1016/j.jhydrol.2022.128176","0022-1694","https://api.elsevier.com/content/abstract/scopus_id/85134312277",612,,,,14,7.00,14,1,2,"","",""
14,"M. Szyja","Ecophysiological characterization of early successional biological soil crusts in heavily human-impacted areas",2018,"Biogeosciences","","","https://www.scopus.com/inward/citedby.uri?partnerID=HzOxMe3b&scp=85044932187&origin=inward",104,"2024-07-17 10:13:54","Article","10.5194/bg-15-1919-2018","1726-4170","https://api.elsevier.com/content/abstract/scopus_id/85044932187",15,7,1919,1931,14,2.33,14,1,6,"","",""
14,"R. Zhao","Winter snowfall can have a positive effect on photosynthetic carbon fixation and biomass accumulation of biological soil crusts from the Gurbantunggut Desert, China",2016,"Ecological Research","","","https://www.scopus.com/inward/citedby.uri?partnerID=HzOxMe3b&scp=84959118716&origin=inward",105,"2024-07-17 10:13:54","Article","10.1007/s11284-016-1335-1","0912-3814","https://api.elsevier.com/content/abstract/scopus_id/84959118716",31,2,251,262,14,1.75,14,1,8,"","",""
14,"H. Liu","Effects of artificial sand fixing on community characteristics of a rare desert shrub",2013,"Conservation Biology","","","https://www.scopus.com/inward/citedby.uri?partnerID=HzOxMe3b&scp=84884718004&origin=inward",106,"2024-07-17 10:13:54","Article","10.1111/cobi.12084","0888-8892","https://api.elsevier.com/content/abstract/scopus_id/84884718004",27,5,1011,1019,14,1.27,14,1,11,"","",""
14,"J. Csotonyi","A new extreme environment for aerobic anoxygenic phototrophs: biological soil crusts.",2010,"Advances in experimental medicine and biology","","","https://www.scopus.com/inward/citedby.uri?partnerID=HzOxMe3b&scp=77955492022&origin=inward",107,"2024-07-17 10:13:54","Article","10.1007/978-1-4419-1528-3_1","0065-2598","https://api.elsevier.com/content/abstract/scopus_id/77955492022",675,,3,14,14,1.00,14,1,14,"","",""
13,"B. Yin","Freeze-thaw cycles change the physiological sensitivity of Syntrichia caninervis to snow cover",2021,"Journal of Plant Physiology","","https://api.elsevier.com/content/article/eid/1-s2.0-S017616172100167X","https://www.scopus.com/inward/citedby.uri?partnerID=HzOxMe3b&scp=85115433833&origin=inward",108,"2024-07-17 10:13:54","Article","10.1016/j.jplph.2021.153528","0176-1617","https://api.elsevier.com/content/abstract/scopus_id/85115433833",266,,,,13,4.33,13,1,3,"","",""
13,"T. Green","The lifestyle of lichens in soil crusts",2018,"Lichenologist","","","https://www.scopus.com/inward/citedby.uri?partnerID=HzOxMe3b&scp=85046891431&origin=inward",109,"2024-07-17 10:13:54","Article","10.1017/S0024282918000130","0024-2829","https://api.elsevier.com/content/abstract/scopus_id/85046891431",50,3,397,410,13,2.17,13,1,6,"","",""
13,"I. Bertrand","Regulation of carbon and nitrogen exchange rates in biological soil crusts by intrinsic and land use factors in the Sahel area",2014,"Soil Biology and Biochemistry","","https://api.elsevier.com/content/article/eid/1-s2.0-S003807171400025X","https://www.scopus.com/inward/citedby.uri?partnerID=HzOxMe3b&scp=84894082082&origin=inward",110,"2024-07-17 10:13:54","Article","10.1016/j.soilbio.2014.01.024","0038-0717","https://api.elsevier.com/content/abstract/scopus_id/84894082082",72,,133,144,13,1.30,13,1,10,"","",""
12,"F. Sun","Insights about biocrust effects on soil gas transport and aeration in drylands: Permeability, diffusivity, and their connection to hydraulic conductivity",2022,"Geoderma","","https://api.elsevier.com/content/article/eid/1-s2.0-S001670612200444X","https://www.scopus.com/inward/citedby.uri?partnerID=HzOxMe3b&scp=85137160320&origin=inward",111,"2024-07-17 10:13:54","Article","10.1016/j.geoderma.2022.116137","0016-7061","https://api.elsevier.com/content/abstract/scopus_id/85137160320",427,,,,12,6.00,12,1,2,"","",""
12,"S. Li","Effects of moss biocrusts on near-surface soil moisture are underestimated in drylands: Insights from a heat-pulse soil moisture sensor",2022,"Geoderma","","https://api.elsevier.com/content/article/eid/1-s2.0-S0016706122000702","https://www.scopus.com/inward/citedby.uri?partnerID=HzOxMe3b&scp=85124572869&origin=inward",112,"2024-07-17 10:13:54","Article","10.1016/j.geoderma.2022.115763","0016-7061","https://api.elsevier.com/content/abstract/scopus_id/85124572869",413,,,,12,6.00,12,1,2,"","",""
12,"P. Guan","Biocrust regulates the effects of water and temperature on soil microbial and nematode communities in a semiarid ecosystem",2020,"Land Degradation and Development","","","https://www.scopus.com/inward/citedby.uri?partnerID=HzOxMe3b&scp=85077865034&origin=inward",113,"2024-07-17 10:13:54","Article","10.1002/ldr.3522","1085-3278","https://api.elsevier.com/content/abstract/scopus_id/85077865034",31,11,1335,1343,12,3.00,12,1,4,"","",""
12,"K.K. Coe","Morphological and physiological traits in relation to carbon balance in a diverse clade of dryland mosses",2019,"Plant Cell and Environment","","","https://www.scopus.com/inward/citedby.uri?partnerID=HzOxMe3b&scp=85070102353&origin=inward",114,"2024-07-17 10:13:54","Article","10.1111/pce.13613","0140-7791","https://api.elsevier.com/content/abstract/scopus_id/85070102353",42,11,3140,3151,12,2.40,12,1,5,"","",""
12,"N. Chae","CO<inf>2</inf> efflux from the biological soil crusts of the High Arctic in a later stage of primary succession after deglaciation, Ny-Ålesund, Svalbard, Norway",2016,"Applied Soil Ecology","","https://api.elsevier.com/content/article/eid/1-s2.0-S0929139315300925","https://www.scopus.com/inward/citedby.uri?partnerID=HzOxMe3b&scp=84949537975&origin=inward",115,"2024-07-17 10:13:54","Article","10.1016/j.apsoil.2015.09.013","0929-1393","https://api.elsevier.com/content/abstract/scopus_id/84949537975",98,,92,102,12,1.50,12,1,8,"","",""
12,"Y. Wang","Surface roughness characteristics of biological soil crusts and its influencing factors in the hilly Loess Plateau region, China",2014,"Chinese Journal of Applied Ecology","","","https://www.scopus.com/inward/citedby.uri?partnerID=HzOxMe3b&scp=84897126488&origin=inward",116,"2024-07-17 10:13:54","Article","","1001-9332","https://api.elsevier.com/content/abstract/scopus_id/84897126488",25,3,647,656,12,1.20,12,1,10,"","",""
11,"J. Raggio","Environmental determinants of biocrust carbon fluxes across Europe: possibilities for a functional type approach",2018,"Plant and Soil","","","https://www.scopus.com/inward/citedby.uri?partnerID=HzOxMe3b&scp=85045244903&origin=inward",117,"2024-07-17 10:13:54","Article","10.1007/s11104-018-3646-1","0032-079X","https://api.elsevier.com/content/abstract/scopus_id/85045244903",429,1,147,157,11,1.83,11,1,6,"","",""
11,"N. Wu","Temporal-spatial dynamics of distribution patterns of microorganism relating to biological soil crusts in the Gurbantunggut Desert",2006,"Chinese Science Bulletin","","","https://www.scopus.com/inward/citedby.uri?partnerID=HzOxMe3b&scp=33846316020&origin=inward",118,"2024-07-17 10:13:54","Article","10.1007/s11434-006-8216-x","1001-6538","https://api.elsevier.com/content/abstract/scopus_id/33846316020",51,,124,131,11,0.61,11,1,18,"","",""
10,"Y.B. Wang","Freeze-thaw cycles aggravated the negative effects of moss-biocrusts on hydraulic conductivity in sandy land",2021,"Catena","","https://api.elsevier.com/content/article/eid/1-s2.0-S0341816221004963","https://www.scopus.com/inward/citedby.uri?partnerID=HzOxMe3b&scp=85111986658&origin=inward",119,"2024-07-17 10:13:54","Article","10.1016/j.catena.2021.105638","0341-8162","https://api.elsevier.com/content/abstract/scopus_id/85111986658",207,,,,10,3.33,10,1,3,"","",""
10,"L. Wu","Recovery of chlorophyll fluorescence and CO<inf>2</inf> exchange in lichen soil crusts after rehydration",2013,"European Journal of Soil Biology","","https://api.elsevier.com/content/article/eid/1-s2.0-S1164556312001306","https://www.scopus.com/inward/citedby.uri?partnerID=HzOxMe3b&scp=84872231222&origin=inward",120,"2024-07-17 10:13:54","Article","10.1016/j.ejsobi.2012.12.006","1164-5563","https://api.elsevier.com/content/abstract/scopus_id/84872231222",55,,77,82,10,0.91,10,1,11,"","",""
9,"R. Yang","Transcriptional profiling analysis providing insights into desiccation tolerance mechanisms of the desert moss Syntrichia caninervis",2023,"Frontiers in Plant Science","","","https://www.scopus.com/inward/citedby.uri?partnerID=HzOxMe3b&scp=85149847870&origin=inward",121,"2024-07-17 10:13:54","Article","10.3389/fpls.2023.1127541","1664-462X","https://api.elsevier.com/content/abstract/scopus_id/85149847870",14,,,,9,9.00,9,1,1,"","",""
9,"F. Sun","Towards the effects of moss-dominated biocrusts on surface soil aeration in drylands: Air permeability analysis and modeling",2023,"Catena","","https://api.elsevier.com/content/article/eid/1-s2.0-S0341816223000334","https://www.scopus.com/inward/citedby.uri?partnerID=HzOxMe3b&scp=85146605378&origin=inward",122,"2024-07-17 10:13:54","Article","10.1016/j.catena.2023.106942","0341-8162","https://api.elsevier.com/content/abstract/scopus_id/85146605378",223,,,,9,9.00,9,1,1,"","",""
9,"B. Wang","Changes in soil carbon sequestration and emission in different succession stages of biological soil crusts in a sand-binding area",2021,"Carbon Balance and Management","","","https://www.scopus.com/inward/citedby.uri?partnerID=HzOxMe3b&scp=85114827263&origin=inward",123,"2024-07-17 10:13:54","Article","10.1186/s13021-021-00190-7","1750-0680","https://api.elsevier.com/content/abstract/scopus_id/85114827263",16,1,,,9,3.00,9,1,3,"","",""
9,"L. Feng","Effects of mosaic biological soil crusts on vascular plant establishment in a coastal saline land of the Yellow River Delta, China",2021,"Journal of Plant Ecology","","","https://www.scopus.com/inward/citedby.uri?partnerID=HzOxMe3b&scp=85107927132&origin=inward",124,"2024-07-17 10:13:54","Article","10.1093/jpe/rtab031","1752-9921","https://api.elsevier.com/content/abstract/scopus_id/85107927132",14,5,781,792,9,3.00,9,1,3,"","",""
9,"N. Chen","Ecohydrological effects of biocrust type on restoration dynamics in drylands",2019,"Science of the Total Environment","","https://api.elsevier.com/content/article/eid/1-s2.0-S0048969719325616","https://www.scopus.com/inward/citedby.uri?partnerID=HzOxMe3b&scp=85067251049&origin=inward",125,"2024-07-17 10:13:54","Article","10.1016/j.scitotenv.2019.06.007","0048-9697","https://api.elsevier.com/content/abstract/scopus_id/85067251049",687,,527,534,9,1.80,9,1,5,"","",""
9,"Y. Zhang","Comparison of diurnal dynamics in evaporation rate between bare soil and moss-crusted soil within a revegetated desert ecosystem of Northwestern China",2016,"Journal of Earth System Science","","","https://www.scopus.com/inward/citedby.uri?partnerID=HzOxMe3b&scp=84957628776&origin=inward",126,"2024-07-17 10:13:54","Article","10.1007/s12040-015-0650-1","0253-4126","https://api.elsevier.com/content/abstract/scopus_id/84957628776",125,1,95,102,9,1.13,9,1,8,"","",""
9,"Y. Su","Carbon Exchange Responses of Cyanobacterial-Algal Crusts to Dehydration, Air Temperature, and CO <inf>2</inf> Concentration",2012,"Arid Land Research and Management","","","https://www.scopus.com/inward/citedby.uri?partnerID=HzOxMe3b&scp=84862946107&origin=inward",127,"2024-07-17 10:13:54","Article","10.1080/15324982.2011.631689","1532-4982","https://api.elsevier.com/content/abstract/scopus_id/84862946107",26,1,44,58,9,0.75,9,1,12,"","",""
8,"W. Dou","Asymmetric responses of biocrust respiration to precipitation manipulation under a changing semiarid climate",2023,"Geoderma","","https://api.elsevier.com/content/article/eid/1-s2.0-S0016706122006255","https://www.scopus.com/inward/citedby.uri?partnerID=HzOxMe3b&scp=85145252405&origin=inward",128,"2024-07-17 10:13:54","Article","10.1016/j.geoderma.2022.116318","0016-7061","https://api.elsevier.com/content/abstract/scopus_id/85145252405",430,,,,8,8.00,8,1,1,"","",""
8,"W. Wang","Biocrusts as a nature-based strategy (NbS) improve soil carbon and nitrogen stocks and maize productivity in semiarid environment",2022,"Agricultural Water Management","","https://api.elsevier.com/content/article/eid/1-s2.0-S037837742200289X","https://www.scopus.com/inward/citedby.uri?partnerID=HzOxMe3b&scp=85131461648&origin=inward",129,"2024-07-17 10:13:54","Article","10.1016/j.agwat.2022.107742","0378-3774","https://api.elsevier.com/content/abstract/scopus_id/85131461648",270,,,,8,4.00,8,1,2,"","",""
8,"G.P. Wang","Surface roughness of biological soil crusts and its influencing factors in the water-wind erosion crisscross region on the Loess Plateau of China.",2019,"Chinese Journal of Ecology","","","https://www.scopus.com/inward/citedby.uri?partnerID=HzOxMe3b&scp=85085394622&origin=inward",130,"2024-07-17 10:13:54","Article","10.13292/j.1000-4890.201910.003","1000-4890","https://api.elsevier.com/content/abstract/scopus_id/85085394622",38,10,3050,3056,8,1.60,8,1,5,"","",""
8,"M. Young","Monitoring water content dynamics of biological soil crusts",2017,"Journal of Arid Environments","","https://api.elsevier.com/content/article/eid/1-s2.0-S0140196317300484","https://www.scopus.com/inward/citedby.uri?partnerID=HzOxMe3b&scp=85015448455&origin=inward",131,"2024-07-17 10:13:54","Article","10.1016/j.jaridenv.2017.03.004","0140-1963","https://api.elsevier.com/content/abstract/scopus_id/85015448455",142,,41,49,8,1.14,8,1,7,"","",""
7,"S. Li","Towards moss-dominated biocrust effects on soil temperature across seasons in drylands: Insight from continuous measurements of soil thermal properties and solar radiation",2022,"Geoderma","","https://api.elsevier.com/content/article/eid/1-s2.0-S001670612200218X","https://www.scopus.com/inward/citedby.uri?partnerID=HzOxMe3b&scp=85129010727&origin=inward",132,"2024-07-17 10:13:54","Article","10.1016/j.geoderma.2022.115911","0016-7061","https://api.elsevier.com/content/abstract/scopus_id/85129010727",421,,,,7,3.50,7,1,2,"","",""
7,"J.T. Wang","Soil erosibility of typical plant communities in Ulan Buh Desert",2020,"Arid Land Geography","","","https://www.scopus.com/inward/citedby.uri?partnerID=HzOxMe3b&scp=85120959010&origin=inward",133,"2024-07-17 10:13:54","Article","10.12118/j.issn.1000-6060.2020.06.15","1000-6060","https://api.elsevier.com/content/abstract/scopus_id/85120959010",43,6,1543,1550,7,1.75,7,1,4,"","",""
7,"S. Li","Characteristics of water vapor sorption and condensation in biocrusts covered surface soil in arid and semiarid areas of the Loess Plateau, China",2020,"Nongye Gongcheng Xuebao/Transactions of the Chinese Society of Agricultural Engineering","","","https://www.scopus.com/inward/citedby.uri?partnerID=HzOxMe3b&scp=85092176270&origin=inward",134,"2024-07-17 10:13:54","Article","10.11975/j.issn.1002-6819.2020.15.014","1002-6819","https://api.elsevier.com/content/abstract/scopus_id/85092176270",36,15,111,119,7,1.75,7,1,4,"","",""
7,"E. Pushkareva","Comparison of Microphototrophic Communities Living in Different Soil Environments in the High Arctic",2019,"Frontiers in Ecology and Evolution","","","https://www.scopus.com/inward/citedby.uri?partnerID=HzOxMe3b&scp=85075232520&origin=inward",135,"2024-07-17 10:13:54","Article","10.3389/fevo.2019.00393","2296-701X","https://api.elsevier.com/content/abstract/scopus_id/85075232520",7,,,,7,1.40,7,1,5,"","",""
7,"C. Guan","Warming effects on soil respiration in moss-dominated crusts in the Tengger Desert, northern China",2019,"Plant and Soil","","","https://www.scopus.com/inward/citedby.uri?partnerID=HzOxMe3b&scp=85070920353&origin=inward",136,"2024-07-17 10:13:54","Article","10.1007/s11104-019-04255-y","0032-079X","https://api.elsevier.com/content/abstract/scopus_id/85070920353",443,1,591,603,7,1.40,7,1,5,"","",""
7,"C. Guan","Diel hysteresis between soil respiration and soil temperature in a biological soil crust covered desert ecosystem",2018,"PLoS ONE","","","https://www.scopus.com/inward/citedby.uri?partnerID=HzOxMe3b&scp=85045055293&origin=inward",137,"2024-07-17 10:13:54","Article","10.1371/journal.pone.0195606","1932-6203","https://api.elsevier.com/content/abstract/scopus_id/85045055293",13,4,,,7,1.17,7,1,6,"","",""
7,"Y.R. Guo","Crust development and subsurface soil properties under dominant shrubs in the process of dune restoration, Horqin Sand Land",2008,"Huanjing Kexue/Environmental Science","","","https://www.scopus.com/inward/citedby.uri?partnerID=HzOxMe3b&scp=42949175585&origin=inward",138,"2024-07-17 10:13:54","Article","","0250-3301","https://api.elsevier.com/content/abstract/scopus_id/42949175585",29,4,1027,1034,7,0.44,7,1,16,"","",""
6,"Q. Mao","Native microalgae and Bacillus XZM remediate arsenic-contaminated soil by forming biological soil crusts",2023,"Journal of Environmental Management","","https://api.elsevier.com/content/article/eid/1-s2.0-S0301479723016468","https://www.scopus.com/inward/citedby.uri?partnerID=HzOxMe3b&scp=85169021391&origin=inward",139,"2024-07-17 10:13:54","Article","10.1016/j.jenvman.2023.118858","0301-4797","https://api.elsevier.com/content/abstract/scopus_id/85169021391",345,,,,6,6.00,6,1,1,"","",""
6,"Q.w. Zhang","Biocrusts and subshrub development and soil water through a slope-gully system in a vegetation-restored site on the Loess Plateau of China",2022,"Catena","","https://api.elsevier.com/content/article/eid/1-s2.0-S0341816222003307","https://www.scopus.com/inward/citedby.uri?partnerID=HzOxMe3b&scp=85130758883&origin=inward",140,"2024-07-17 10:13:54","Article","10.1016/j.catena.2022.106344","0341-8162","https://api.elsevier.com/content/abstract/scopus_id/85130758883",216,,,,6,3.00,6,1,2,"","",""
6,"J. Gong","Modelling the diurnal and seasonal dynamics of soil CO<inf>2</inf> exchange in a semiarid ecosystem with high plant-interspace heterogeneity",2018,"Biogeosciences","","","https://www.scopus.com/inward/citedby.uri?partnerID=HzOxMe3b&scp=85066000079&origin=inward",141,"2024-07-17 10:13:54","Article","10.5194/bg-15-115-2018","1726-4170","https://api.elsevier.com/content/abstract/scopus_id/85066000079",15,1,115,136,6,1.00,6,1,6,"","",""
6,"Y.F. Wang","Effects of moss-dominated biological soil crusts on soil enzyme activities in water-wind erosion crisscross region on the Loess Plateau of China",2017,"Chinese Journal of Applied Ecology","","","https://www.scopus.com/inward/citedby.uri?partnerID=HzOxMe3b&scp=85045579167&origin=inward",142,"2024-07-17 10:13:54","Article","10.13287/j.1001-9332.201711.002","1001-9332","https://api.elsevier.com/content/abstract/scopus_id/85045579167",28,11,3553,3561,6,0.86,6,1,7,"","",""
6,"R. Hui","Modelling the influence of snowfall on cyanobacterial crusts in the Gurbantunggut Desert, northern China",2016,"Australian Journal of Botany","","","https://www.scopus.com/inward/citedby.uri?partnerID=HzOxMe3b&scp=84989227653&origin=inward",143,"2024-07-17 10:13:54","Article","10.1071/BT16008","0067-1924","https://api.elsevier.com/content/abstract/scopus_id/84989227653",64,6,476,483,6,0.75,6,1,8,"","",""
6,"L. Wu","Development and succession of artificial biological soil crusts and water holding characteristics of topsoil",2014,"Huanjing Kexue/Environmental Science","","","https://www.scopus.com/inward/citedby.uri?partnerID=HzOxMe3b&scp=84898683610&origin=inward",144,"2024-07-17 10:13:54","Article","10.13227/j.hjkx.2014.03.045","0250-3301","https://api.elsevier.com/content/abstract/scopus_id/84898683610",35,3,1138,1143,6,0.60,6,1,10,"","",""
6,"P. Zhang","Effect of wetting duration on nitrogen fixation of biological soil crusts in Shapotou, Northern China",2011,"Shengtai Xuebao/ Acta Ecologica Sinica","","","https://www.scopus.com/inward/citedby.uri?partnerID=HzOxMe3b&scp=80054937150&origin=inward",145,"2024-07-17 10:13:54","Article","","1000-0933","https://api.elsevier.com/content/abstract/scopus_id/80054937150",31,20,6116,6124,6,0.46,6,1,13,"","",""
6,"A. Colacevich","Photosynthetic pigments in soils from northern Victoria Land (continental Antarctica) as proxies for soil algal community structure and function",2009,"Soil Biology and Biochemistry","","https://api.elsevier.com/content/article/eid/1-s2.0-S003807170900265X","https://www.scopus.com/inward/citedby.uri?partnerID=HzOxMe3b&scp=70249148522&origin=inward",146,"2024-07-17 10:13:54","Article","10.1016/j.soilbio.2009.07.020","0038-0717","https://api.elsevier.com/content/abstract/scopus_id/70249148522",41,10,2105,2114,6,0.40,6,1,15,"","",""
5,"Y. Ding","Habitat-specific environmental factors regulate the spatial variability of biological soil crust microbial communities on the Qinghai-Tibet Plateau",2023,"Science of the Total Environment","","https://api.elsevier.com/content/article/eid/1-s2.0-S004896972304562X","https://www.scopus.com/inward/citedby.uri?partnerID=HzOxMe3b&scp=85166485243&origin=inward",147,"2024-07-17 10:13:54","Article","10.1016/j.scitotenv.2023.165937","0048-9697","https://api.elsevier.com/content/abstract/scopus_id/85166485243",901,,,,5,5.00,5,1,1,"","",""
5,"P. Benard","Extracellular polymeric substances from soil-grown bacteria delay evaporative drying",2023,"Advances in Water Resources","","https://api.elsevier.com/content/article/eid/1-s2.0-S0309170822002275","https://www.scopus.com/inward/citedby.uri?partnerID=HzOxMe3b&scp=85145975748&origin=inward",148,"2024-07-17 10:13:54","Article","10.1016/j.advwatres.2022.104364","0309-1708","https://api.elsevier.com/content/abstract/scopus_id/85145975748",172,,,,5,5.00,5,1,1,"","",""
5,"C. Baubin","Divergence of Biocrust Active Bacterial Communities in the Negev Desert During a Hydration-Desiccation Cycle",2023,"Microbial Ecology","","","https://www.scopus.com/inward/citedby.uri?partnerID=HzOxMe3b&scp=85133427654&origin=inward",149,"2024-07-17 10:13:54","Article","10.1007/s00248-022-02063-z","0095-3628","https://api.elsevier.com/content/abstract/scopus_id/85133427654",86,1,474,484,5,5.00,5,1,1,"","",""
5,"J. Qi","Response of biocrust nitrogenase activity to the variation of rainfall regime in the Tengger Desert, northern China",2022,"Catena","","https://api.elsevier.com/content/article/eid/1-s2.0-S0341816222000790","https://www.scopus.com/inward/citedby.uri?partnerID=HzOxMe3b&scp=85123989299&origin=inward",150,"2024-07-17 10:13:54","Article","10.1016/j.catena.2022.106093","0341-8162","https://api.elsevier.com/content/abstract/scopus_id/85123989299",212,,,,5,2.50,5,1,2,"","",""
5,"F. Sun","Effects of moss-dominated biocrusts on surface soil-water movement parameters in the Chinese Loess Plateau",2021,"Nongye Gongcheng Xuebao/Transactions of the Chinese Society of Agricultural Engineering","","","https://www.scopus.com/inward/citedby.uri?partnerID=HzOxMe3b&scp=85116901591&origin=inward",151,"2024-07-17 10:13:54","Article","10.11975/j.issn.1002-6819.2021.14.009","1002-6819","https://api.elsevier.com/content/abstract/scopus_id/85116901591",37,14,79,88,5,1.67,5,1,3,"","",""
5,"T. Xie","Organic carbon mineralization of biological soil crusts and subsoils in the revegetated areas of the southeast fringe of the Tengger Desert",2021,"Shengtai Xuebao","","","https://www.scopus.com/inward/citedby.uri?partnerID=HzOxMe3b&scp=85103762664&origin=inward",152,"2024-07-17 10:13:54","Article","10.5846/stxb202001040027","1000-0933","https://api.elsevier.com/content/abstract/scopus_id/85103762664",41,6,2339,2348,5,1.67,5,1,3,"","",""
5,"M. Gutiérrez","Non-random distribution of biocrust in a natural arid environment in the northern mexican plateau",2018,"Applied Ecology and Environmental Research","","","https://www.scopus.com/inward/citedby.uri?partnerID=HzOxMe3b&scp=85048898589&origin=inward",153,"2024-07-17 10:13:54","Article","10.15666/aeer/1603_24412451","1589-1623","https://api.elsevier.com/content/abstract/scopus_id/85048898589",16,3,2441,2451,5,0.83,5,1,6,"","",""
5,"Z. Zhang","Evolution of soil respiration depends on biological soil crusts across a 50-year chronosequence of desert revegetation",2016,"Soil Science and Plant Nutrition","","","https://www.scopus.com/inward/citedby.uri?partnerID=HzOxMe3b&scp=84964460061&origin=inward",154,"2024-07-17 10:13:54","Article","10.1080/00380768.2016.1165597","0038-0768","https://api.elsevier.com/content/abstract/scopus_id/84964460061",62,2,140,149,5,0.63,5,1,8,"","",""
5,"Y. Pan","Ecological effect of hygroscopic and condensate water on biological soil crusts in Shapotou region of China",2013,"Chinese Journal of Applied Ecology","","","https://www.scopus.com/inward/citedby.uri?partnerID=HzOxMe3b&scp=84876328108&origin=inward",155,"2024-07-17 10:13:54","Article","","1001-9332","https://api.elsevier.com/content/abstract/scopus_id/84876328108",24,3,653,658,5,0.45,5,1,11,"","",""
4,"G.J. Kidron","Effects of subsurface flow on dunefields: Doubling the amount of soil moisture and substantially increasing the biomass of annual plants",2023,"Catena","","https://api.elsevier.com/content/article/eid/1-s2.0-S0341816223000243","https://www.scopus.com/inward/citedby.uri?partnerID=HzOxMe3b&scp=85146249126&origin=inward",156,"2024-07-17 10:13:54","Article","10.1016/j.catena.2023.106933","0341-8162","https://api.elsevier.com/content/abstract/scopus_id/85146249126",223,,,,4,4.00,4,1,1,"","",""
4,"C. Lopez-Canfin","Disparate responses of soil-atmosphere CO<inf>2</inf> exchange to biophysical and geochemical factors over a biocrust ecological succession in the Tabernas Desert",2022,"Geoderma","","https://api.elsevier.com/content/article/eid/1-s2.0-S0016706122003743","https://www.scopus.com/inward/citedby.uri?partnerID=HzOxMe3b&scp=85135410390&origin=inward",157,"2024-07-17 10:13:54","Article","10.1016/j.geoderma.2022.116067","0016-7061","https://api.elsevier.com/content/abstract/scopus_id/85135410390",425,,,,4,2.00,4,1,2,"","",""
4,"V. Dubinin","Using LANDSAT 8 and VENµS data to study the effect of geodiversity on soil moisture dynamics in a semiarid shrubland",2020,"Remote Sensing","","","https://www.scopus.com/inward/citedby.uri?partnerID=HzOxMe3b&scp=85092930910&origin=inward",158,"2024-07-17 10:13:54","Article","10.3390/rs12203377","2072-4292","https://api.elsevier.com/content/abstract/scopus_id/85092930910",12,20,1,19,4,1.00,4,1,4,"","",""
4,"Y. Bi","Arbuscular mycorrhizal fungal diversity in soils underlying moss biocrusts in coal mining subsidence areas",2021,"Environmental Science and Pollution Research","","","https://www.scopus.com/inward/citedby.uri?partnerID=HzOxMe3b&scp=85090854016&origin=inward",159,"2024-07-17 10:13:54","Article","10.1007/s11356-020-10726-y","0944-1344","https://api.elsevier.com/content/abstract/scopus_id/85090854016",28,3,3484,3493,4,1.33,4,1,3,"","",""
4,"A. Howell","Manufacturing simple and inexpensive soil surface temperature and gravimetric water content sensors",2019,"Journal of Visualized Experiments","","","https://www.scopus.com/inward/citedby.uri?partnerID=HzOxMe3b&scp=85077614928&origin=inward",160,"2024-07-17 10:13:54","Article","10.3791/60308","1940-087X","https://api.elsevier.com/content/abstract/scopus_id/85077614928",2019,154,,,4,0.80,4,1,5,"","",""
4,"C. Pissolito","Water-mediated changes in plant-plant and biological soil crust-plant interactions in a temperate forest ecosystem",2019,"Web Ecology","","","https://www.scopus.com/inward/citedby.uri?partnerID=HzOxMe3b&scp=85064233597&origin=inward",161,"2024-07-17 10:13:54","Article","10.5194/we-19-27-2019","1399-1183","https://api.elsevier.com/content/abstract/scopus_id/85064233597",19,1,27,38,4,0.80,4,1,5,"","",""
4,"L. Cheng","Effects of biological soil crusts on the characteristics of hygroscopic and condensate water deposition in alpine sandy lands",2018,"Shengtai Xuebao","","","https://www.scopus.com/inward/citedby.uri?partnerID=HzOxMe3b&scp=85051262057&origin=inward",162,"2024-07-17 10:13:54","Article","10.5846/stxb201704070595","1000-0933","https://api.elsevier.com/content/abstract/scopus_id/85051262057",38,14,5037,5046,4,0.67,4,1,6,"","",""
4,"C. Gu","Effect of simulated precipitation on the carbon flux in biological-soil crusted soil in alpine sandy habitats",2017,"Shengtai Xuebao","","","https://www.scopus.com/inward/citedby.uri?partnerID=HzOxMe3b&scp=85022332212&origin=inward",163,"2024-07-17 10:13:54","Article","10.5846/stxb201603220510","1000-0933","https://api.elsevier.com/content/abstract/scopus_id/85022332212",37,13,4423,4433,4,0.57,4,1,7,"","",""
4,"W.T. Cai","Dynamics of soil physical properties and biological soil crust during the vegetation restoration process of abandoned croplands in the Ordos Plateau, China",2017,"Chinese Journal of Applied Ecology","","","https://www.scopus.com/inward/citedby.uri?partnerID=HzOxMe3b&scp=85017408610&origin=inward",164,"2024-07-17 10:13:54","Article","10.13287/j.1001-9332.201703.031","1001-9332","https://api.elsevier.com/content/abstract/scopus_id/85017408610",28,3,829,837,4,0.57,4,1,7,"","",""
4,"B. Yin","Impacts of the removal of vascular plants on physiological and biochemical characteristics of Syntrichia caninervis during winter season in a temperate desert",2016,"Chinese Journal of Plant Ecology","","","https://www.scopus.com/inward/citedby.uri?partnerID=HzOxMe3b&scp=84997427867&origin=inward",165,"2024-07-17 10:13:54","Article","10.17521/cjpe.2015.0441","1005-264X","https://api.elsevier.com/content/abstract/scopus_id/84997427867",40,7,723,734,4,0.50,4,1,8,"","",""
4,"D.H. Zhang","Simulation study on the effects of sand binding shrub on the deep soil water in a recovered area on the southeast fringe of tengger desert, North China",2016,"Shengtai Xuebao","","","https://www.scopus.com/inward/citedby.uri?partnerID=HzOxMe3b&scp=84973922750&origin=inward",166,"2024-07-17 10:13:54","Article","10.5846/stxb201506291332","1000-0933","https://api.elsevier.com/content/abstract/scopus_id/84973922750",36,11,3273,3279,4,0.50,4,1,8,"","",""
3,"K. Zhang","Response of soil enzymes to soil properties and seasonal characteristics of cyanobacteria-dominated crusts in a dryland ecosystem",2023,"Journal of Soils and Sediments","","","https://www.scopus.com/inward/citedby.uri?partnerID=HzOxMe3b&scp=85158163960&origin=inward",167,"2024-07-17 10:13:54","Article","10.1007/s11368-023-03514-x","1439-0108","https://api.elsevier.com/content/abstract/scopus_id/85158163960",23,7,2756,2765,3,3.00,3,1,1,"","",""
3,"T. Xie","Variations in organic carbon mineralization of the biological soil crusts following revegetation in the Tengger Desert, North China",2023,"Catena","","https://api.elsevier.com/content/article/eid/1-s2.0-S0341816222008463","https://www.scopus.com/inward/citedby.uri?partnerID=HzOxMe3b&scp=85144379367&origin=inward",168,"2024-07-17 10:13:54","Article","10.1016/j.catena.2022.106860","0341-8162","https://api.elsevier.com/content/abstract/scopus_id/85144379367",222,,,,3,3.00,3,1,1,"","",""
3,"S. Zhang","Long-term snow alters the sensitivity of nonstructural carbohydrates of Syntrichia caninervis to snow cover: Based on a 7-year experiment",2022,"Frontiers in Plant Science","","","https://www.scopus.com/inward/citedby.uri?partnerID=HzOxMe3b&scp=85140828813&origin=inward",169,"2024-07-17 10:13:54","Article","10.3389/fpls.2022.999584","1664-462X","https://api.elsevier.com/content/abstract/scopus_id/85140828813",13,,,,3,1.50,3,1,2,"","",""
3,"W. Dou","Responses of respiration rate of moss biocrusts to the manipulation of rainfall amount on the Chinese Loess Plateau",2022,"Shengtai Xuebao","","","https://www.scopus.com/inward/citedby.uri?partnerID=HzOxMe3b&scp=85140294184&origin=inward",170,"2024-07-17 10:13:54","Article","10.5846/STXB202011112919","1000-0933","https://api.elsevier.com/content/abstract/scopus_id/85140294184",42,5,1703,1715,3,1.50,3,1,2,"","",""
3,"Y. Li","Carbon mineralization of soil covered by different types of biological crusts in the southeastern fringe of the Tengger Desert",2020,"Shengtai Xuebao","","","https://www.scopus.com/inward/citedby.uri?partnerID=HzOxMe3b&scp=85082961683&origin=inward",171,"2024-07-17 10:13:54","Article","10.5846/stxb201902220317","1000-0933","https://api.elsevier.com/content/abstract/scopus_id/85082961683",40,5,1580,1589,3,0.75,3,1,4,"","",""
3,"P. Zhang","Nitrogen fixation potential of biological soil crusts in Heidaigou open coal mine, Inner Mongolia, China",2016,"Chinese Journal of Applied Ecology","","","https://www.scopus.com/inward/citedby.uri?partnerID=HzOxMe3b&scp=84961575273&origin=inward",172,"2024-07-17 10:13:54","Article","10.13287/j.1001-9332.201602.040","1001-9332","https://api.elsevier.com/content/abstract/scopus_id/84961575273",27,2,436,444,3,0.38,3,1,8,"","",""
3,"W. Wang","Effects of biological soil crusts on soil air permeability in semi-arid environment on the Loess Plateau of China",2014,"Journal of Food, Agriculture and Environment","","","https://www.scopus.com/inward/citedby.uri?partnerID=HzOxMe3b&scp=84903739111&origin=inward",173,"2024-07-17 10:13:54","Article","","1459-0255","https://api.elsevier.com/content/abstract/scopus_id/84903739111",12,2,1025,1029,3,0.30,3,1,10,"","",""
3,"S. Li","Regulation effect of microbiotic crusts on soil hydrological processes in shapotou revegetation-fixed sand dune regions",2005,"International Geoscience and Remote Sensing Symposium (IGARSS)","","","https://www.scopus.com/inward/citedby.uri?partnerID=HzOxMe3b&scp=33745712213&origin=inward",174,"2024-07-17 10:13:54","Conference Paper","10.1109/IGARSS.2005.1525906","","https://api.elsevier.com/content/abstract/scopus_id/33745712213",6,,4443,4446,3,0.16,3,1,19,"","",""
2,"X. Yang","Biocrust-induced partitioning of soil water between grass and shrub in a desert steppe of Northwest China",2023,"Journal of Arid Land","","","https://www.scopus.com/inward/citedby.uri?partnerID=HzOxMe3b&scp=85146466173&origin=inward",175,"2024-07-17 10:13:54","Article","10.1007/s40333-023-0001-z","1674-6767","https://api.elsevier.com/content/abstract/scopus_id/85146466173",15,1,63,76,2,2.00,2,1,1,"","",""
2,"J. Ming","Effects of biological soil crusts on soil water-heat process of shallow soil layer in the frozen ground region on Qinghai-Tibet Plateau",2020,"Shengtai Xuebao","","","https://www.scopus.com/inward/citedby.uri?partnerID=HzOxMe3b&scp=85094096394&origin=inward",176,"2024-07-17 10:13:54","Article","10.5846/stxb201910152159","1000-0933","https://api.elsevier.com/content/abstract/scopus_id/85094096394",40,18,6385,6395,2,0.50,2,1,4,"","",""
2,"Y. Li","Response of non-structural carbohydrate content of Syntrichia caninervis to dehydration process",2018,"Shengtai Xuebao","","","https://www.scopus.com/inward/citedby.uri?partnerID=HzOxMe3b&scp=85058885467&origin=inward",177,"2024-07-17 10:13:54","Article","10.5846/stxb201801010004","1000-0933","https://api.elsevier.com/content/abstract/scopus_id/85058885467",38,23,8408,8416,2,0.33,2,1,6,"","",""
2,"X. Li","The response of Syntrichia caninervis physiological and biochemical characteristics to different microhabitats and seasons",2018,"Shengtai Xuebao","","","https://www.scopus.com/inward/citedby.uri?partnerID=HzOxMe3b&scp=85050343696&origin=inward",178,"2024-07-17 10:13:54","Article","10.5846/stxb201703070387","1000-0933","https://api.elsevier.com/content/abstract/scopus_id/85050343696",38,6,2092,2100,2,0.33,2,1,6,"","",""
2,"R. Zhao","CO<inf>2</inf> efflux from two biologically-crusted soils in response to drying-rewetting cycles with different frequencies in the Tengger Desert",2015,"Chinese Journal of Ecology","","","https://www.scopus.com/inward/citedby.uri?partnerID=HzOxMe3b&scp=84924283635&origin=inward",179,"2024-07-17 10:13:54","Article","","1000-4890","https://api.elsevier.com/content/abstract/scopus_id/84924283635",34,1,138,144,2,0.22,2,1,9,"","",""
2,"J. Zhan","Diversity of nitrogen-fixing microorganisms in biological soil crusts of copper mine wastelands",2014,"Chinese Journal of Applied Ecology","","","https://www.scopus.com/inward/citedby.uri?partnerID=HzOxMe3b&scp=84903749608&origin=inward",180,"2024-07-17 10:13:54","Article","","1001-9332","https://api.elsevier.com/content/abstract/scopus_id/84903749608",25,6,1765,1772,2,0.20,2,1,10,"","",""
1,"C. Liu","Effects of biological soil crusts on vertical distribution of soil nitrogen pools in the Gurbantunggut Desert",2023,"Shengtai Xuebao","","","https://www.scopus.com/inward/citedby.uri?partnerID=HzOxMe3b&scp=85168657681&origin=inward",181,"2024-07-17 10:13:54","Article","10.5846/stxb202205121334","1000-0933","https://api.elsevier.com/content/abstract/scopus_id/85168657681",43,12,5005,5016,1,1.00,1,1,1,"","",""
1,"Q. Zhang","Differentiate responses of soil nutrient levels and enzymatic activities to freeze-thawing cycles in different layers of moss-dominated biocrusts in a temperate desert",2023,"Frontiers in Plant Science","","","https://www.scopus.com/inward/citedby.uri?partnerID=HzOxMe3b&scp=85150504219&origin=inward",182,"2024-07-17 10:13:54","Article","10.3389/fpls.2023.1137754","1664-462X","https://api.elsevier.com/content/abstract/scopus_id/85150504219",14,,,,1,1.00,1,1,1,"","",""
1,"W. Ren","Effects of Simulated Sheep Trampling on Biological Soil Rrusts and Plant Root Biomass on the Grassland of the Loess Plateau in China",2019,"Acta Agrestia Sinica","","","https://www.scopus.com/inward/citedby.uri?partnerID=HzOxMe3b&scp=85115360619&origin=inward",183,"2024-07-17 10:13:54","Article","10.11733/j.issn.1007-0435.2019.06.029","1007-0435","https://api.elsevier.com/content/abstract/scopus_id/85115360619",27,6,1702,1709,1,0.20,1,1,5,"","",""
1,"F.H. Sun","Effects of biological soil crusts in different developmental stages on soil water permeability and water holding capacity in the Chinese Loess Plateau",2021,"Acta Prataculturae Sinica","","","https://www.scopus.com/inward/citedby.uri?partnerID=HzOxMe3b&scp=85108647048&origin=inward",184,"2024-07-17 10:13:54","Article","10.11686/cyxb2020246","1004-5759","https://api.elsevier.com/content/abstract/scopus_id/85108647048",30,6,54,63,1,0.33,1,1,3,"","",""
1,"X. Dang","Response of soil carbon emission of biological crust to hydrothermal factors in mining subsidence area in aeolian",2021,"Meitan Xuebao/Journal of the China Coal Society","","","https://www.scopus.com/inward/citedby.uri?partnerID=HzOxMe3b&scp=85108334254&origin=inward",185,"2024-07-17 10:13:54","Article","10.13225/j.cnki.jccs.ST20.1975","0253-9993","https://api.elsevier.com/content/abstract/scopus_id/85108334254",46,5,1498,1507,1,0.33,1,1,3,"","",""
1,"L. Song","Effect of biological soil crust on photographically measured value of vegetation coverage",2018,"Shengtai Xuebao","","","https://www.scopus.com/inward/citedby.uri?partnerID=HzOxMe3b&scp=85050352410&origin=inward",186,"2024-07-17 10:13:54","Article","10.5846/stxb201612312723","1000-0933","https://api.elsevier.com/content/abstract/scopus_id/85050352410",38,4,1272,1283,1,0.17,1,1,6,"","",""
1,"T. Green","Limits of photosynthesis in arid environments",2017,"The Biology of Arid Soils","","","https://www.scopus.com/inward/citedby.uri?partnerID=HzOxMe3b&scp=85040983036&origin=inward",187,"2024-07-17 10:13:54","Book Chapter","10.1515/9783110419047-007","","https://api.elsevier.com/content/abstract/scopus_id/85040983036",,,123,138,1,0.14,1,1,7,"","",""
1,"C. Guan","Response of biocrust-soil system respiration to winter low temperature and simulated warming",2016,"Chinese Journal of Applied Ecology","","","https://www.scopus.com/inward/citedby.uri?partnerID=HzOxMe3b&scp=85007449407&origin=inward",188,"2024-07-17 10:13:54","Article","10.13287/j.1001-9332.201610.002","1001-9332","https://api.elsevier.com/content/abstract/scopus_id/85007449407",27,10,3213,3220,1,0.13,1,1,8,"","",""
1,"T. Inoue","Factors affecting water availability for high Arctic lichens",2017,"Polar Biology","","","https://www.scopus.com/inward/citedby.uri?partnerID=HzOxMe3b&scp=84979231191&origin=inward",189,"2024-07-17 10:13:54","Article","10.1007/s00300-016-2010-2","0722-4060","https://api.elsevier.com/content/abstract/scopus_id/84979231191",40,4,853,862,1,0.14,1,1,7,"","",""
1,"W. Wang","Effects of biological soil crusts on soil air permeability and water conductivity",2015,"Paiguan Jixie Gongcheng Xuebao/Journal of Drainage and Irrigation Machinery Engineering","","","https://www.scopus.com/inward/citedby.uri?partnerID=HzOxMe3b&scp=84941799657&origin=inward",190,"2024-07-17 10:13:54","Article","10.3969/j.issn.1674-8530.15.0092","1674-8530","https://api.elsevier.com/content/abstract/scopus_id/84941799657",33,8,701,707,1,0.11,1,1,9,"","",""
1,"X. Ji","Size effects on water characteristic of moss crust in the Gurbantunggut Desert, Northwestern China",2014,"Vegetos","","","https://www.scopus.com/inward/citedby.uri?partnerID=HzOxMe3b&scp=84931837637&origin=inward",191,"2024-07-17 10:13:54","Article","10.5958/2229-4473.2014.00017.2","0970-4078","https://api.elsevier.com/content/abstract/scopus_id/84931837637",27,2,77,88,1,0.10,1,1,10,"","",""
0,"D. Qiu","Biocrusts intensify grassland evapotranspiration through increasing evaporation and reducing transpiration in a semi-arid ecosystem",2024,"Journal of Hydrology","","https://api.elsevier.com/content/article/eid/1-s2.0-S0022169424010497","https://www.scopus.com/inward/citedby.uri?partnerID=HzOxMe3b&scp=85198037940&origin=inward",192,"2024-07-17 10:13:54","Article","10.1016/j.jhydrol.2024.131653","0022-1694","https://api.elsevier.com/content/abstract/scopus_id/85198037940",639,,,,0,0.00,0,1,1,"","",""
0,"S.N. Power","Habitat suitability of biocrust communities in a cold desert ecosystem",2024,"Ecology and Evolution","","","https://www.scopus.com/inward/citedby.uri?partnerID=HzOxMe3b&scp=85197610767&origin=inward",193,"2024-07-17 10:13:54","Article","10.1002/ece3.11649","2045-7758","https://api.elsevier.com/content/abstract/scopus_id/85197610767",14,7,,,0,0.00,0,1,1,"","",""
0,"Y. Cao","Biocrusts enhance soil structural stability during freeze-thaw cycles and improve soil erosion resistance in cold-winter drylands",2024,"Catena","","https://api.elsevier.com/content/article/eid/1-s2.0-S034181622400403X","https://www.scopus.com/inward/citedby.uri?partnerID=HzOxMe3b&scp=85196712666&origin=inward",194,"2024-07-17 10:13:54","Article","10.1016/j.catena.2024.108206","0341-8162","https://api.elsevier.com/content/abstract/scopus_id/85196712666",243,,,,0,0.00,0,1,1,"","",""
0,"Y. Jiang","Impact of biocrust on soil nitrogen maintenance and microbial composition in citrus orchards under varying urea application rates",2024,"Applied Soil Ecology","","https://api.elsevier.com/content/article/eid/1-s2.0-S0929139324002282","https://www.scopus.com/inward/citedby.uri?partnerID=HzOxMe3b&scp=85196614117&origin=inward",195,"2024-07-17 10:13:54","Article","10.1016/j.apsoil.2024.105497","0929-1393","https://api.elsevier.com/content/abstract/scopus_id/85196614117",201,,,,0,0.00,0,1,1,"","",""
0,"F. Lei","Characterization of soil multifunctionality and its determining factors under moss crust cover in the arid regions of Northwest China",2024,"Arid Zone Research","","","https://www.scopus.com/inward/citedby.uri?partnerID=HzOxMe3b&scp=85195393822&origin=inward",196,"2024-07-17 10:13:54","Article","10.13866/j.azr.2024.05.09","1001-4675","https://api.elsevier.com/content/abstract/scopus_id/85195393822",41,5,812,820,0,0.00,0,1,1,"","",""
0,"Y. Wang","Interactions between biocrusts and herbaceous communities are divergent in dry and wet semiarid ecosystems",2024,"Science of the Total Environment","","https://api.elsevier.com/content/article/eid/1-s2.0-S0048969724039068","https://www.scopus.com/inward/citedby.uri?partnerID=HzOxMe3b&scp=85195204798&origin=inward",197,"2024-07-17 10:13:54","Article","10.1016/j.scitotenv.2024.173759","0048-9697","https://api.elsevier.com/content/abstract/scopus_id/85195204798",941,,,,0,0.00,0,1,1,"","",""
0,"C. Tian","Shrub canopy effects on moss biocrust, soil properties, and microbiomes in a semi-arid ecosystem: Implications for ecosystem function and sustainability",2024,"Journal of Arid Environments","","https://api.elsevier.com/content/article/eid/1-s2.0-S0140196324000624","https://www.scopus.com/inward/citedby.uri?partnerID=HzOxMe3b&scp=85193826369&origin=inward",198,"2024-07-17 10:13:54","Article","10.1016/j.jaridenv.2024.105182","0140-1963","https://api.elsevier.com/content/abstract/scopus_id/85193826369",223,,,,0,0.00,0,1,1,"","",""
0,"Y. Tao","Dam construction accelerated the development of biological soil crusts in degraded soil patches in the Lhasa River basin, Qinghai-Tibetan Plateau",2024,"Applied Soil Ecology","","https://api.elsevier.com/content/article/eid/1-s2.0-S0929139324001859","https://www.scopus.com/inward/citedby.uri?partnerID=HzOxMe3b&scp=85193427167&origin=inward",199,"2024-07-17 10:13:54","Article","10.1016/j.apsoil.2024.105454","0929-1393","https://api.elsevier.com/content/abstract/scopus_id/85193427167",200,,,,0,0.00,0,1,1,"","",""
0,"X. Dong","Rare microbial taxa as the major drivers of nutrient acquisition under moss biocrusts in karst area",2024,"Frontiers in Microbiology","","","https://www.scopus.com/inward/citedby.uri?partnerID=HzOxMe3b&scp=85193077830&origin=inward",200,"2024-07-17 10:13:54","Article","10.3389/fmicb.2024.1384367","1664-302X","https://api.elsevier.com/content/abstract/scopus_id/85193077830",15,,,,0,0.00,0,1,1,"","",""
